id,date,stick.up,level.mbtoc,comment
CB-1,41640,0.8,,Seco
CB-1,41671,0.8,,Seco
CB-1,41671,0.8,,Seco
CB-1,41699,0.8,,Seco
CB-1,41812,0.8,,Seco
CB-1,41812,0.8,,Seco
CB-1,41812,0.8,,Seco
CB-1,41848,0.8,,Seco
CB-1,41875,0.8,,Seco
CB-1,41942,0.8,,Seco
CB-1,41955,0.8,,Seco
CB-1,42066,0.8,,Seco
CB-1,42097,0.8,,Seco
CB-1,42127,0.8,,Seco
CB-1,42159,0.8,,Seco
CB-1,42206,0.8,,Seco
CB-1,42206,0.8,,Seco
CB-1,42250,0.8,,Seco
CB-1,42299,0.8,,Seco
CB-1,42327,0.8,,Seco
CB-1,42338,0.8,,Seco
CB-1,42374,0.8,,Seco
CB-1,42423,0.8,,Seco
CB-1,42432,0.8,,Seco
CB-1,42466,0.8,,Seco
CB-1,42500,0.8,,Seco
CB-10,41569,0.75,90.91,
CB-10,41600,0.75,90.84,
CB-10,41630,0.75,90.73,
CB-10,41659,0.75,90.7,
CB-10,41693,0.75,90.76,
CB-10,41727,0.75,90.67,
CB-10,41756,0.75,90.65,
CB-10,41781,0.75,90.6,
CB-10,41811,0.75,90.53,
CB-10,41841,0.75,90.46,
CB-10,41874,0.75,90.35,
CB-10,41909,0.75,90.28,
CB-10,41943,0.75,90.26,
CB-10,41956,0.75,90.23,
CB-10,41984,0.75,90.2,
CB-10,42015,0.75,90.18,
CB-10,42046,0.75,90.2,
CB-10,42067,0.75,90.17,
CB-10,42098,0.75,90.16,
CB-10,42144,0.75,90.09,
CB-10,42158,0.75,90.08,
CB-10,42205,0.75,89.95,
CB-10,42228,0.75,89.95,
CB-10,42248,0.75,89.92,
CB-10,42298,0.75,89.8,
CB-10,42326,0.75,89.67,
CB-10,42341,0.75,89.64,
CB-10,42374,0.75,89.65,
CB-10,42424,0.75,89.56,
CB-10,42435,0.75,89.57,
CB-10,42468,0.75,89.53,
CB-10,42502,0.75,89.52,
CB-11,41640,0.7,,Seco
CB-11,41671,0.7,,Seco
CB-11,41671,0.7,,Seco
CB-11,41699,0.7,,Seco
CB-11,41812,0.7,,Seco
CB-11,41812,0.7,,Seco
CB-11,41812,0.7,,Seco
CB-11,41848,0.7,,Seco
CB-11,41875,0.7,,Seco
CB-11,41942,0.7,,Seco
CB-11,41955,0.7,,Seco
CB-11,41986,0.7,,Seco
CB-11,42068,0.7,,Seco
CB-11,42099,0.7,,Seco
CB-11,42145,0.7,,Seco
CB-11,42157,0.7,,Seco
CB-11,42187,0.7,,Seco
CB-11,42229,0.7,,Seco
CB-11,42249,0.7,,Seco
CB-11,42297,0.7,,Seco
CB-11,42326,0.7,,Seco
CB-11,42342,0.7,,Seco
CB-11,42373,0.7,,Seco
CB-11,42423,0.7,,Seco
CB-11,42434,0.7,,Seco
CB-11,42469,0.7,,Seco
CB-11,42501,0.7,,Seco
CB-12,41695,0.73,,Seco
CB-12,41726,0.73,,Seco
CB-12,41754,0.73,,Seco
CB-12,41812,0.73,,Seco
CB-12,41812,0.73,,Seco
CB-12,41848,0.73,,Seco
CB-12,41875,0.73,,Seco
CB-12,41941,0.73,,Seco
CB-12,41955,0.73,,Seco
CB-12,41986,0.73,,Seco
CB-12,42017,0.73,,Seco
CB-12,42048,0.73,,Seco
CB-12,42065,0.73,,Seco
CB-12,42096,0.73,48.82,Pozo con nivel
CB-12,42144,0.73,48.73,
CB-12,42158,0.73,48.7,
CB-12,42206,0.73,48.57,
CB-12,42228,0.73,48.53,
CB-12,42248,0.73,48.48,
CB-12,42298,0.73,48.32,
CB-12,42327,0.73,48.24,
CB-12,42338,0.73,48.21,
CB-12,42374,0.73,48.08,
CB-12,42423,0.73,47.87,
CB-12,42434,0.73,47.86,
CB-12,42466,0.73,48,
CB-12,42499,0.73,48.26,
CB-2,41199,0.6,31.18,
CB-2,41239,0.6,30.92,
CB-2,41260,0.6,30.87,
CB-2,41286,0.6,30.82,
CB-2,41317,0.6,30.8,
CB-2,41345,0.6,30.78,
CB-2,41376,0.6,32.53,
CB-2,41406,0.6,32.61,
CB-2,41437,0.6,32.4,
CB-2,41467,0.6,32.48,
CB-2,41497,0.6,32.52,
CB-2,41518,0.6,32.65,
CB-2,41569,0.6,32.65,
CB-2,41600,0.6,32.6,
CB-2,41630,0.6,32.42,
CB-2,41659,0.6,32.46,
CB-2,41692,0.6,32.49,
CB-2,41726,0.6,32.62,
CB-2,41754,0.6,32.59,
CB-2,41783,0.6,32.48,
CB-2,41812,0.6,32.33,
CB-2,41842,0.6,32.21,
CB-2,41876,0.6,32.12,
CB-2,41910,0.6,32.42,
CB-2,41943,0.6,32.56,
CB-2,41955,0.6,32.61,
CB-2,41981,0.6,32.67,
CB-2,42012,0.6,32.71,
CB-2,42043,0.6,32.75,
CB-2,42066,0.6,32.79,
CB-2,42097,0.6,32.89,
CB-2,42145,0.6,32.93,
CB-2,42159,0.6,32.98,
CB-2,42206,0.6,33.04,
CB-2,42228,0.6,33.13,
CB-2,42250,0.6,33.16,
CB-2,42298,0.6,33.16,
CB-2,42326,0.6,33.28,
CB-2,42340,0.6,33.32,
CB-2,42374,0.6,33.44,
CB-2,42423,0.6,33.45,
CB-2,42433,0.6,33.49,
CB-2,42470,0.6,33.51,
CB-2,42500,0.6,33.64,
CB-3,41199,0.8,27.96,
CB-3,41240,0.8,27.96,
CB-3,41260,0.8,27.97,
CB-3,41286,0.8,27.96,
CB-3,41317,0.8,27.97,
CB-3,41345,0.8,28,
CB-3,41376,0.8,27.99,
CB-3,41406,0.8,28,
CB-3,41437,0.8,28.01,
CB-3,41467,0.8,28,
CB-3,41497,0.8,28.02,
CB-3,41518,0.8,28.04,
CB-3,41569,0.8,28.04,
CB-3,41600,0.8,28.02,
CB-3,41630,0.8,28,
CB-3,41659,0.8,28,
CB-3,41690,0.8,28.03,
CB-3,41726,0.8,28.06,
CB-3,41754,0.8,28.08,
CB-3,41783,0.8,28.08,
CB-3,41812,0.8,28.08,
CB-3,41842,0.8,28.09,
CB-3,41876,0.8,28.06,
CB-3,41910,0.8,28.1,
CB-3,41942,0.8,28.09,
CB-3,41955,0.8,28.1,
CB-3,41985,0.8,28.08,
CB-3,42016,0.8,28.1,
CB-3,42047,0.8,28.11,
CB-3,42066,0.8,28.12,
CB-3,42097,0.8,28.14,
CB-3,42145,0.8,28.14,
CB-3,42159,0.8,28.15,
CB-3,42206,0.8,28.14,
CB-3,42228,0.8,28.17,
CB-3,42250,0.8,28.17,
CB-3,42299,0.8,28.18,
CB-3,42326,0.8,28.16,
CB-3,42340,0.8,28.19,
CB-3,42373,0.8,28.18,
CB-3,42423,0.8,28.15,
CB-3,42433,0.8,28.16,
CB-3,42469,0.8,28.11,
CB-3,42500,0.8,28.18,
CB-4,41239,0.5,41.18,
CB-4,41258,0.5,41.14,
CB-4,41286,0.5,41.1,
CB-4,41317,0.5,41.1,
CB-4,41345,0.5,41.1,
CB-4,41376,0.5,41.03,
CB-4,41406,0.5,41.1,
CB-4,41437,0.5,41.11,
CB-4,41467,0.5,41.1,
CB-4,41500,0.5,41.12,
CB-4,41518,0.5,41.14,
CB-4,41569,0.5,41.14,
CB-4,41600,0.5,41.14,
CB-4,41630,0.5,41.13,
CB-4,41659,0.5,41.12,
CB-4,41694,0.5,41.13,
CB-4,41727,0.5,41.17,
CB-4,41756,0.5,41.15,
CB-4,41780,0.5,41.14,
CB-4,41812,0.5,41.17,
CB-4,41842,0.5,41.16,
CB-4,41874,0.5,41.14,
CB-4,41909,0.5,41.17,
CB-4,41942,0.5,41.15,
CB-4,41956,0.5,41.16,
CB-4,41984,0.5,41.15,
CB-4,42015,0.5,41.16,
CB-4,42046,0.5,41.18,
CB-4,42067,0.5,41.17,
CB-4,42098,0.5,41.2,
CB-4,42144,0.5,41.18,
CB-4,42158,0.5,41.18,
CB-4,42205,0.5,41.18,
CB-4,42228,0.5,41.21,
CB-4,42248,0.5,41.2,
CB-4,42298,0.5,41.2,
CB-4,42326,0.5,41.19,
CB-4,42341,0.5,41.2,
CB-4,42374,0.5,41.21,
CB-4,42424,0.5,,
CB-4,42435,0.5,41.19,
CB-4,42468,0.5,41.18,
CB-4,42502,0.5,44.75,
CB-5,40579,1.07,58.24,
CB-5,40633,1.07,58.29,
CB-5,40677,1.07,58.12,
CB-5,40738,1.07,58.29,
CB-5,40769,1.07,58.31,
CB-5,40801,1.07,58.32,
CB-5,40828,1.07,58.26,
CB-5,40861,1.07,58.29,
CB-5,40896,1.07,58.29,
CB-5,40917,1.07,58.31,
CB-5,40949,1.07,58.33,
CB-5,40990,1.07,58.3,
CB-5,41018,1.07,58.3,
CB-5,41060,1.07,58.33,
CB-5,41088,1.07,58.32,
CB-5,41119,1.07,58.35,
CB-5,41150,1.07,58.36,
CB-5,41179,1.07,58.29,
CB-5,41200,1.07,58.37,
CB-5,41235,1.07,58.38,
CB-5,41258,1.07,58.38,
CB-5,41286,1.07,58.29,
CB-5,41317,1.07,58.2,
CB-5,41345,1.07,58.37,
CB-5,41376,1.07,58.24,
CB-5,41406,1.07,58.4,
CB-5,41437,1.07,58.26,
CB-5,41467,1.07,58.26,
CB-5,41501,1.07,58.24,
CB-5,41518,1.07,58.27,
CB-5,41569,1.07,58.24,
CB-5,41600,1.07,58.27,
CB-5,41630,1.07,58.22,
CB-5,41659,1.07,58.19,
CB-5,41694,1.07,55.28,
CB-5,41727,1.07,58.26,
CB-5,41751,1.07,58.26,
CB-5,41782,1.07,58.27,
CB-5,41810,1.07,58.26,
CB-5,41840,1.07,58.28,
CB-5,41876,1.07,58.28,
CB-5,41910,1.07,58.28,
CB-5,41942,1.07,58.26,
CB-5,41955,1.07,58.27,
CB-5,41982,1.07,58.28,
CB-5,42013,1.07,58.41,
CB-5,42044,1.07,58.27,
CB-5,42066,1.07,58.26,
CB-5,42097,1.07,58.28,
CB-5,42145,1.07,58.29,
CB-5,42158,1.07,58.27,
CB-5,42204,1.07,58.21,
CB-5,42228,1.07,58.3,
CB-5,42250,1.07,58.28,
CB-5,42299,1.07,58.29,
CB-5,42327,1.07,58.29,
CB-5,42340,1.07,58.27,
CB-5,42373,1.07,58.28,
CB-5,42423,1.07,58.25,
CB-5,42432,1.07,58.24,
CB-5,42470,1.07,58.18,
CB-5,42500,0.94,58.26,
CB-6,41179,0.55,61.44,
CB-6,41200,0.55,59.1,
CB-6,41236,0.55,56.89,
CB-6,41258,0.55,58.35,
CB-6,41286,0.55,57.39,
CB-6,41317,0.55,57.12,
CB-6,41345,0.55,57.55,
CB-6,41376,0.55,58.44,
CB-6,41406,0.55,57.3,
CB-6,41437,0.55,59.44,
CB-6,41467,0.55,59.47,
CB-6,41501,0.55,59.52,
CB-6,41518,0.55,59.62,
CB-6,41569,0.55,59.67,
CB-6,41600,0.55,59.66,
CB-6,41630,0.55,59.65,
CB-6,41659,0.55,59.71,
CB-6,41694,0.55,59.78,
CB-6,41727,0.55,59.78,
CB-6,41751,0.55,59.77,
CB-6,41782,0.55,59.8,
CB-6,41810,0.55,59.71,
CB-6,41840,0.55,59.68,
CB-6,41874,0.55,59.66,
CB-6,41909,0.55,59.81,
CB-6,41942,0.55,59.81,
CB-6,41956,0.55,59.84,
CB-6,41985,0.55,59.83,
CB-6,42016,0.55,59.81,
CB-6,42047,0.55,59.84,
CB-6,42067,0.55,59.82,
CB-6,42098,0.55,59.85,
CB-6,42144,0.55,59.79,
CB-6,42158,0.55,59.81,
CB-6,42205,0.55,59.81,
CB-6,42228,0.55,59.84,
CB-6,42248,0.55,59.82,
CB-6,42298,0.55,59.81,
CB-6,42326,0.55,59.8,
CB-6,42341,0.55,59.83,
CB-6,42373,0.55,59.77,
CB-6,42423,0.55,,
CB-6,42437,0.55,59.76,
CB-6,42469,0.55,63.23,Medida anomala
CB-6,42502,0.55,59.74,
CB-7,41179,0.7,54.59,
CB-7,41200,0.7,59.61,
CB-7,41235,0.7,63.8,
CB-7,41257,0.7,61.66,
CB-7,41286,0.7,61.76,
CB-7,41317,0.7,61.75,
CB-7,41345,0.7,62.15,
CB-7,41376,0.7,62.74,
CB-7,41406,0.7,62.77,
CB-7,41437,0.7,62.47,
CB-7,41467,0.7,69.44,
CB-7,41501,0.7,69.5,
CB-7,41518,0.7,75.93,
CB-7,41569,0.7,75.9,
CB-7,41600,0.7,75.91,
CB-7,41630,0.7,81.69,
CB-7,41659,0.7,81.67,
CB-7,41695,0.7,81.82,
CB-7,41727,0.7,84.35,
CB-7,41752,0.7,84.36,
CB-7,41784,0.7,84.4,
CB-7,41811,0.7,86.46,
CB-7,41841,0.7,86.49,
CB-7,41874,0.7,86.55,
CB-7,41909,0.7,88.9,
CB-7,41942,0.7,88.95,
CB-7,41955,0.7,88.98,
CB-7,41982,0.7,89.3,
CB-7,42013,0.7,89.5,
CB-7,42044,0.7,89.56,
CB-7,42068,0.7,89.61,
CB-7,42099,0.7,90.35,
CB-7,42145,0.7,90.39,
CB-7,42156,0.7,90.42,
CB-7,42205,0.7,90.82,
CB-7,42229,0.7,90.89,
CB-7,42249,0.7,90.95,
CB-7,42297,0.7,91.26,
CB-7,42326,0.7,91.35,
CB-7,42341,0.7,91.38,
CB-7,42373,0.7,57.36,
CB-7,42423,0.7,19.01,
CB-7,42434,0.7,18.86,
CB-7,42469,0.7,17.74,
CB-7,42501,0.7,16.52,
CB-8,41671,0.64,,Seco
CB-8,41699,0.64,,Seco
CB-8,41812,0.64,,Seco
CB-8,41812,0.64,,Seco
CB-8,41812,0.64,,Seco
CB-8,41848,0.64,,Seco
CB-8,41942,0.64,,Seco
CB-8,41955,0.64,,Seco
CB-8,41986,0.64,,Seco
CB-8,42017,0.64,,Seco
CB-8,42036,0.64,,Seco
CB-8,42068,0.64,,Seco
CB-8,42099,0.64,,Seco
CB-8,42145,0.64,,Seco
CB-8,42156,0.64,,Seco
CB-8,42186,0.64,,Seco
CB-8,42229,0.64,,Seco
CB-8,42249,0.64,,Seco
CB-8,42297,0.64,,Seco
CB-8,42327,0.64,,Seco
CB-8,42341,0.64,11.73,Pozo con nivel
CB-8,42373,0.64,10.27,
CB-8,42423,0.64,7.23,
CB-8,42434,0.64,6.9,
CB-8,42469,0.64,6.55,
CB-8,42501,0.64,6.29,
CB-9,40579,0.9,78.09,
CB-9,40633,0.9,78.56,
CB-9,40677,0.9,78.53,
CB-9,40738,0.9,79.64,
CB-9,40769,0.9,79.48,
CB-9,40798,0.9,79.66,
CB-9,40828,0.9,79.73,
CB-9,40862,0.9,79.76,
CB-9,40898,0.9,79.79,
CB-9,40917,0.9,79.9,
CB-9,40952,0.9,79.86,
CB-9,40988,0.9,79.86,
CB-9,41018,0.9,79.88,
CB-9,41060,0.9,79.9,
CB-9,41061,0.9,79.9,
CB-9,41088,0.9,79.89,
CB-9,41119,0.9,79.92,
CB-9,41151,0.9,79.9,
CB-9,41179,0.9,79.83,
CB-9,41198,0.9,79.9,
CB-9,41233,0.9,79.89,
CB-9,41259,0.9,79.7,
CB-9,41286,0.9,79.5,
CB-9,41317,0.9,79.67,
CB-9,41345,0.9,79.9,
CB-9,41376,0.9,79.82,
CB-9,41406,0.9,79.83,
CB-9,41437,0.9,79.85,
CB-9,41467,0.9,79.84,
CB-9,41498,0.9,79.82,
CB-9,41518,0.9,79.93,
CB-9,41569,0.9,79.9,
CB-9,41600,0.9,79.9,
CB-9,41630,0.9,79.86,
CB-9,41659,0.9,79.79,
CB-9,41695,0.9,79.9,
CB-9,41727,0.9,79.87,
CB-9,41752,0.9,79.9,
CB-9,41784,0.9,79.88,
CB-9,41811,0.9,79.87,
CB-9,41841,0.9,79.87,
CB-9,41875,0.9,79.83,
CB-9,41909,0.9,79.81,
CB-9,41941,0.9,79.83,
CB-9,41955,0.9,79.77,
CB-9,41982,0.9,79.67,
CB-9,42013,0.9,79.49,
CB-9,42044,0.9,79.35,
CB-9,42065,0.9,79.18,
CB-9,42096,0.9,78.1,
CB-9,42144,0.9,77.47,
CB-9,42157,0.9,77.03,
CB-9,42205,0.9,75.06,
CB-9,42229,0.9,73.78,
CB-9,42249,0.9,72.57,
CB-9,42298,0.9,70.52,
CB-9,42326,0.9,69.23,
CB-9,42340,0.9,68.64,
CB-9,42373,0.9,66.99,
CB-9,42423,0.9,64.05,
CB-9,42435,0.9,62.98,
CB-9,42468,0.9,61.81,
CB-9,42499,0.9,55.15,
CON-10,41974,0,115.27,
CON-10,42005,0,115.3,
CON-10,42036,0,115.31,
CON-10,42067,0,115.28,
CON-10,42098,0,115.3,
CON-10,42145,0,115.29,
CON-10,42158,0,115.29,
CON-10,42205,0,115.29,
CON-10,42229,0,115.3,
CON-10,42249,0,115.31,
CON-10,42297,0,115.29,
CON-10,42326,0,115.28,
CON-10,42342,0,115.27,
CON-10,42373,0,115.26,
CON-10,42423,0,115.23,
CON-10,42434,0,115.25,
CON-10,42467,0,115.25,
CON-10,42501,0,115.26,
CON-15,41974,0,173.2,
CON-15,42005,0,173.18,
CON-15,42036,0,173.17,
CON-15,42068,0,173.12,
CON-15,42099,0,173.11,
CON-15,42145,0,173.07,
CON-15,42156,0,173.07,
CON-15,42205,0,173.03,
CON-15,42229,0,173.1,
CON-15,42249,0,173.05,
CON-15,42297,0,173.01,
CON-15,42326,0,173,
CON-15,42341,0,172.98,
CON-15,42373,0,172.97,
CON-15,42423,0,172.94,
CON-15,42434,0,172.96,
CON-15,42467,0,172.93,
CON-15,42501,0,172.94,
CON-16,41974,0,165.8,
CON-16,42005,0,165.61,
CON-16,42036,0,165.72,
CON-16,42068,0,165.6,
CON-16,42099,0,165.54,
CON-16,42145,0,165.59,
CON-16,42156,0,165.58,
CON-16,42205,0,165.51,
CON-16,42229,0,165.5,
CON-16,42249,0,165.48,
CON-16,42297,0,165.41,
CON-16,42326,0,165.37,
CON-16,42342,0,165.36,
CON-16,42373,0,165.32,
CON-16,42423,0,165.25,
CON-16,42434,0,165.23,
CON-16,42467,0,165.21,
CON-16,42501,0,165.21,
CON-21,41974,0,135.9,
CON-21,42005,0,137.32,
CON-21,42036,0,137.44,
CON-21,42067,0,137.5,
CON-21,42098,0,137.95,
CON-21,42145,0,138.1,
CON-21,42156,0,138.18,
CON-21,42205,0,138.51,
CON-21,42229,0,138.67,
CON-21,42249,0,138.78,
CON-21,42297,0,139.04,
CON-21,42326,0,139.15,
CON-21,42342,0,139.24,
CON-21,42373,0,139.39,
CON-21,42423,0,139.74,
CON-21,42434,0,139.88,
CON-21,42467,0,140.51,
CON-21,42501,0,141.36,
CON-23,42095,0,211.55,
CON-23,42145,0,,>250
CON-23,42156,0,,>250
CON-23,42186,0,,>250
CON-23,42229,0,,>250
CON-23,42249,0,,>250
CON-23,42297,0,,>250
CON-23,42326,0,,>250
CON-23,42342,0,,>250
CON-23,42373,0,,>250
CON-23,42423,0,,>250
CON-23,42434,0,,>250
CON-23,42467,0,,>300
CON-23,42505,0,315,
KP-DH10-40,40395,0.25,76.51,
KP-DH10-40,40486,0.25,83.86,
KP-DH10-40,40516,0.25,84.69,
KP-DH10-40,40566,0.25,85.54,
KP-DH10-40,40579,0.25,85.95,
KP-DH10-40,40602,0.25,86.35,
KP-DH10-40,40633,0.8,89.06,
KP-DH10-40,40677,0.8,89.84,
KP-DH10-40,40736,0.8,93.13,
KP-DH10-40,40767,0.8,93.51,
KP-DH10-40,40798,0.8,95.19,
KP-DH10-40,40828,0.8,95.35,
KP-DH10-40,40861,0.8,95.59,
KP-DH10-40,40896,0.8,97.65,
KP-DH10-40,40920,0.8,97.76,
KP-DH10-40,40952,0.8,97.92,
KP-DH10-40,40990,0.8,98.93,
KP-DH10-40,41018,0.8,99,
KP-DH10-40,41041,0.8,99.19,
KP-DH10-40,41088,0.8,100.29,
KP-DH10-40,41119,0.8,100.4,
KP-DH10-40,41148,0.8,100.47,
KP-DH10-40,41179,0.8,101.43,
KP-DH10-40,41199,0.8,101.55,
KP-DH10-40,41233,0.8,101.61,
KP-DH10-40,41257,0.8,102.62,
KP-DH10-40,41695,0.75,102.63,
KP-DH10-40,41727,0.75,102.65,
KP-DH10-40,41752,0.75,102.67,
KP-DH10-40,41784,0.75,102.7,
KP-DH10-40,41811,0.75,102.71,
KP-DH10-40,41848,0.75,102.74,
KP-DH10-40,41875,0.75,102.76,
KP-DH10-40,41909,0.75,102.78,
KP-DH10-40,41982,0.75,102.84,
KP-DH10-40,42013,0.75,102.88,
KP-DH10-40,42044,0.75,102.92,
KP-DH10-40,42068,0.75,102.92,
KP-DH10-40,42099,0.75,102.98,
KP-DH10-40,42145,0.75,102.98,
KP-DH10-40,42156,0.75,102.99,Se queda atrapado brailer a los 100 m. aprox
KP-DH10-40,42205,,,Sin medición por bailer atrado en campaña de Junio 2015
KP-DH10-40,42229,,,Sin medición por bailer atrado en campaña de Junio 2015
KP-DH10-40,42249,,,Sin medición por bailer atrado en campaña de Junio 2015
KP-DH10-40,42297,,,Sin medición por bailer atrado en campaña de Junio 2015
KP-DH10-40,42326,,,Sin medición por bailer atrado en campaña de Junio 2015
KP-DH10-40,42341,,,Sin medición por bailer atrado en campaña de Junio 2015
KP-DH10-40,42373,,,Sin medición por bailer atrado en campaña de Junio 2015
KP-DH10-40,42423,,,Sin medición por bailer atrado en campaña de Junio 2015
KP-DH10-40,42433,,,Sin medición por bailer atrado en campaña de Junio 2015
KP-DH10-40,42452,0.75,103.47,Se retoma medición 
KP-DH10-40,42469,0.75,107.26,
KP-DH10-40,42501,0.75,104.68,
QSCSG6-237,39655,1.01,28.59,
QSCSG6-237,39673,1.01,28.54,
QSCSG6-237,39697,0.5,28.09,
QSCSG6-237,39735,0.5,28.04,
QSCSG6-237,39763,0.5,28.07,
QSCSG6-237,39856,0.5,28.06,
QSCSG6-237,39962,0.5,28.07,
QSCSG6-237,40047,0.5,28.04,
QSCSG6-237,40132,0.5,28.03,
QSCSG6-237,40211,0.5,28.03,
QSCSG6-237,40322,0.5,28.06,
QSCSG6-237,40395,0.5,28.05,
QSCSG6-237,40425,0.5,28.04,
QSCSG6-237,40493,0.5,28.07,
QSCSG6-237,40528,0.5,28.06,
QSCSG6-237,40566,0.5,28.06,
QSCSG6-237,40579,0.5,28.05,
QSCSG6-237,40602,0.5,28.04,
QSCSG6-237,40633,0.5,28.04,
QSCSG6-237,40677,0.5,28.03,
QSCSG6-237,40738,0.5,28.09,
QSCSG6-237,40769,0.5,28.05,
QSCSG6-237,40798,0.5,28.04,
QSCSG6-237,40828,0.5,28.05,
QSCSG6-237,40862,0.5,28.04,
QSCSG6-237,40898,0.5,28.07,
QSCSG6-237,40920,0.5,28.06,
QSCSG6-237,40950,0.5,28.07,
QSCSG6-237,40991,0.5,28.07,
QSCSG6-237,41015,0.5,28.05,
QSCSG6-237,41060,0.5,28.05,
QSCSG6-237,41061,0.5,28.05,
QSCSG6-237,41090,0.5,28.05,
QSCSG6-237,41120,0.5,28.06,
QSCSG6-237,41148,0.5,28.05,
QSCSG6-237,41179,0.5,28.02,
QSCSG6-237,41199,0.5,28.08,
QSCSG6-237,41235,0.5,28.06,
QSCSG6-237,41258,0.5,28.08,
QSCSG6-237,41286,0.5,28.04,
QSCSG6-237,41317,0.5,28.02,
QSCSG6-237,41345,0.5,28.04,
QSCSG6-237,41376,0.5,28.04,
QSCSG6-237,41406,0.5,28.05,
QSCSG6-237,41437,0.5,28.04,
QSCSG6-237,41467,0.5,28.05,
QSCSG6-237,41497,0.5,28.04,
QSCSG6-237,41518,0.5,28.05,
QSCSG6-237,41569,0.5,28.05,
QSCSG6-237,41600,0.5,28.03,
QSCSG6-237,41630,0.5,28.03,
QSCSG6-237,41659,0.5,28,
QSCSG6-237,41692,0.5,28.04,
QSCSG6-237,41726,0.5,28.04,
QSCSG6-237,41754,0.5,28.05,
QSCSG6-237,41783,0.5,28.04,
QSCSG6-237,41812,0.5,28.04,
QSCSG6-237,41848,0.5,28.05,
QSCSG6-237,41875,0.5,28.02,
QSCSG6-237,41910,0.5,28.05,
QSCSG6-237,41941,0.5,28.03,
QSCSG6-237,41955,0.5,28.04,
QSCSG6-237,41982,0.5,28.03,
QSCSG6-237,42005,0.5,28.05,
QSCSG6-237,42036,0.5,28.06,
QSCSG6-237,42065,0.5,28.02,
QSCSG6-237,42096,0.5,28.07,
QSCSG6-237,42144,0.5,28.04,
QSCSG6-237,42157,0.5,28.04,
QSCSG6-237,42204,0.5,28.02,
QSCSG6-237,42228,0.5,28.09,
QSCSG6-237,42249,0.5,28.07,
QSCSG6-237,42297,0.5,28.06,
QSCSG6-237,42326,0.5,28.06,
QSCSG6-237,42340,0.5,28.08,
QSCSG6-237,42374,0.5,28.08,
QSCSG6-237,42423,0.5,28.04,
QSCSG6-237,42433,0.5,28.04,
QSCSG6-237,42469,0.51,28,
QSCSG6-237,42500,0.51,28.05,
QSG08-402,39655,0,42.06,
QSG08-402,39674,0,42.42,
QSG08-402,39697,0,42.33,
QSG08-402,39735,0.43,42.75,
QSG08-402,39763,0.43,42.43,
QSG08-402,39856,0.43,42.06,
QSG08-402,39962,0.43,41.79,
QSG08-402,40047,0.43,41.57,
QSG08-402,40132,0.43,41.38,
QSG08-402,40211,0.43,41.29,
QSG08-402,40322,0.43,41.29,
QSG08-402,40395,0.43,41.14,
QSG08-402,40425,0.43,41.34,
QSG08-402,40493,0.43,41.12,
QSG08-402,40528,0.43,41.05,
QSG08-402,40566,0.43,40.98,
QSG08-402,40579,0.43,40.95,
QSG08-402,40602,0.43,40.93,
QSG08-402,40633,0.43,41.05,
QSG08-402,40677,0.43,40.92,
QSG08-402,40738,0.43,40.92,
QSG08-402,40769,0.43,40.89,
QSG08-402,40801,0.43,41.08,
QSG08-402,40828,0.43,40.95,
QSG08-402,40862,0.43,40.86,
QSG08-402,40898,0.43,41.1,
QSG08-402,40917,0.43,41.01,
QSG08-402,40952,0.43,40.41,
QSG08-402,40990,0.43,40.81,
QSG08-402,41015,0.43,40.78,
QSG08-402,41060,0.43,41.6,
QSG08-402,41064,0.43,41.66,
QSG08-402,41088,0.43,40.7,
QSG08-402,41116,0.43,40.68,
QSG08-402,41150,0.43,41.62,
QSG08-402,41179,0.43,40.83,
QSG08-402,41199,0.43,40.71,
QSG08-402,41237,0.43,40.63,
QSG08-402,41259,0.43,40.6,
QSG08-402,41286,0.43,40.3,
QSG08-402,41317,0.43,40.28,
QSG08-402,41345,0.43,40.34,
QSG08-402,41376,0.43,40.3,
QSG08-402,41406,0.43,40.24,
QSG08-402,41437,0.43,40.52,
QSG08-402,41467,0.43,40.37,
QSG08-402,41499,0.43,40.3,
QSG08-402,41518,0.43,40.34,
QSG08-402,41569,0.43,40.28,
QSG08-402,41600,0.43,40.2,
QSG08-402,41630,0.43,40.46,
QSG08-402,41659,0.43,40.07,
QSG08-402,41694,0.43,39.92,
QSG08-402,41727,0.43,40.06,
QSG08-402,41752,0.43,39.95,
QSG08-402,41782,0.43,39.89,
QSG08-402,41813,0.43,40.14,
QSG08-402,41848,0.43,39.98,
QSG08-402,41876,0.43,39.92,
QSG08-402,41910,0.43,40.13,
QSG08-402,41942,0.43,39.9,
QSG08-402,41955,0.43,39.9,
QSG08-402,41985,0.43,39.74,
QSG08-402,42005,0.43,39.73,
QSG08-402,42036,0.43,39.71,
QSG08-402,42066,0.43,39.72,
QSG08-402,42097,0.43,39.73,
QSG08-402,42145,0.43,39.74,
QSG08-402,42159,0.43,39.75,
QSG08-402,42204,0.43,39.74,
QSG08-402,42228,0.43,39.84,
QSG08-402,42250,0.43,39.86,
QSG08-402,42299,0.43,39.92,
QSG08-402,42327,0.43,39.95,
QSG08-402,42340,0.43,39.77,
QSG08-402,42374,0.43,37.33,
QSG08-402,42423,0.43,36.91,
QSG08-402,42433,0.43,36.89,
QSG08-402,42470,0.43,36.87,
QSG08-402,42500,0.43,36.98,
QSG08-423,39622,0.92,107.57,
QSG08-423,39655,0.92,107.56,
QSG08-423,39674,0.92,107.57,
QSG08-423,39697,0.55,107.21,
QSG08-423,39735,0.55,107.22,
QSG08-423,39763,0.55,107.22,
QSG08-423,39856,0.55,107.2,
QSG08-423,39962,0.55,107.23,
QSG08-423,40047,0.55,107.23,
QSG08-423,40132,0.55,107.18,
QSG08-423,40211,0.55,107.19,
QSG08-423,40322,0.55,107.21,
QSG08-423,40395,0.55,107.27,
QSG08-423,40425,0.55,107.22,
QSG08-423,40493,0.55,107.27,
QSG08-423,40528,0.55,107.27,
QSG08-423,40566,0.55,107.26,
QSG08-423,40579,0.55,107.28,
QSG08-423,40602,0.55,107.27,
QSG08-423,40633,0.55,107.22,
QSG08-423,40677,0.55,107.24,
QSG08-423,40738,0.55,107.29,
QSG08-423,40769,0.55,107.3,
QSG08-423,40801,0.55,107.25,
QSG08-423,40828,0.55,107.27,
QSG08-423,40863,0.55,107.22,
QSG08-423,40898,0.55,107.3,
QSG08-423,40917,0.55,107.27,
QSG08-423,40953,0.55,107.25,
QSG08-423,40990,0.55,107.28,
QSG08-423,41018,0.55,107.3,
QSG08-423,41060,0.55,107.36,
QSG08-423,41090,0.55,107.4,
QSG08-423,41119,0.55,107.23,
QSG08-423,41149,0.55,107.32,
QSG08-423,41181,0.55,107.2,
QSG08-423,41199,0.55,107.34,
QSG08-423,41235,0.55,107.32,
QSG08-423,41258,0.55,107.32,
QSG08-423,41286,0.55,107.25,
QSG08-423,41317,0.55,107.28,
QSG08-423,41345,0.55,107.28,
QSG08-423,41376,0.55,107.26,
QSG08-423,41406,0.55,107.28,
QSG08-423,41437,0.55,107.31,
QSG08-423,41467,0.55,107.28,
QSG08-423,41498,0.55,107.3,
QSG08-423,41518,0.55,107.31,
QSG08-423,41569,0.55,107.32,
QSG08-423,41600,0.55,107.32,
QSG08-423,41630,0.55,107.24,
QSG08-423,41659,0.55,107.24,
QSG08-423,41693,0.55,107.32,
QSG08-423,41727,0.55,107.31,
QSG08-423,41756,0.55,107.32,
QSG08-423,41781,0.55,107.3,
QSG08-423,41811,0.55,107.32,
QSG08-423,41848,0.55,107.32,
QSG08-423,41874,0.55,107.3,
QSG08-423,41909,0.55,107.32,
QSG08-423,41943,0.55,107.32,
QSG08-423,41956,0.55,107.32,
QSG08-423,41984,0.55,107.33,
QSG08-423,42005,0.55,107.34,
QSG08-423,42036,0.55,107.38,
QSG08-423,42067,0.55,107.36,
QSG08-423,42098,0.55,107.39,
QSG08-423,42144,0.55,107.32,
QSG08-423,42158,0.55,107.35,
QSG08-423,42205,,,Pozo eliminado por avance mina
QSG08-431,39674,0.05,69.19,
QSG08-431,39697,0.05,69.22,
QSG08-431,39735,0.05,69.21,
QSG08-431,39763,0.05,69.21,
QSG08-431,39856,0.05,69.19,
QSG08-431,39962,0.05,69.21,
QSG08-431,40047,0.05,69.22,
QSG08-431,40132,0.05,69.16,
QSG08-431,40211,0.05,69.1,
QSG08-431,40322,0.05,69.19,
QSG08-431,40395,0.05,69.24,
QSG08-431,40425,0.05,69.23,
QSG08-431,40493,0.05,69.22,
QSG08-431,40528,0.05,69.24,
QSG08-431,40566,0.05,69.2,
QSG08-431,40579,0.05,69.27,
QSG08-431,40602,0.05,69.27,
QSG08-431,40633,0.05,69.21,
QSG08-431,40677,0.05,69.23,
QSG08-431,40738,0.05,69.3,
QSG08-431,40769,0.05,69.3,
QSG08-431,40801,0.05,69.26,
QSG08-431,40828,0.05,69.26,
QSG08-431,40863,0.05,69.22,
QSG08-431,40898,0.05,69.26,
QSG08-431,40920,0.05,69.29,
QSG08-431,40953,0.05,69.32,
QSG08-431,40990,0.05,69.3,
QSG08-431,41018,0.05,69.31,
QSG08-431,41060,0.05,69.32,
QSG08-431,41064,0.05,69.32,
QSG08-431,41090,0.05,69.32,
QSG08-431,41119,0.05,69.33,
QSG08-431,41149,0.05,69.3,
QSG08-431,41181,0.05,69.32,
QSG08-431,41199,0.05,69.39,
QSG08-431,41235,0.05,69.35,
QSG08-431,41257,,,
QSG08-431,41286,0.05,69.32,
QSG08-431,41317,0.05,69.34,
QSG08-431,41345,0.05,69.32,
QSG08-431,41376,0.05,69.32,
QSG08-431,41406,0.05,69.3,
QSG08-431,41437,0.05,69.34,
QSG08-431,41467,0.05,69.33,
QSG08-431,41500,0.05,69.32,
QSG08-431,41518,0.05,69.36,
QSG08-431,41569,0.05,69.36,
QSG08-431,41600,0.05,69.34,
QSG08-431,41630,0.05,69.31,
QSG08-431,41659,0.05,69.3,
QSG08-431,41693,0.05,69.33,
QSG08-431,41727,0.05,69.36,
QSG08-431,41756,0.05,69.35,
QSG08-431,41780,0.05,69.39,
QSG08-431,41811,0.05,69.38,
QSG08-431,41841,0.05,69.36,
QSG08-431,41874,0.05,69.35,
QSG08-431,41909,0.05,69.36,
QSG08-431,41943,0.05,69.37,
QSG08-431,41956,0.05,69.37,
QSG08-431,41984,0.05,69.24,
QSG08-431,42015,0.05,69.36,
QSG08-431,42046,0.05,69.4,
QSG08-431,42067,0.05,69.4,
QSG08-431,42098,0.05,69.4,
QSG08-431,42144,0.05,69.4,
QSG08-431,42158,0.05,69.42,
QSG08-431,42205,0.87,70.23,
QSG08-431,42228,0.87,70.27,
QSG08-431,42248,0.87,70.25,
QSG08-431,42298,0.87,70.26,
QSG08-431,42326,0.87,70.24,
QSG08-431,42341,0.87,70.26,
QSG08-431,42374,0.87,70.26,
QSG08-431,42424,0.87,70.25,
QSG08-431,42435,0.87,70.26,
QSG08-431,42468,0.87,70.23,
QSG08-431,42502,0.87,70.26,
QSG08-493,39655,0.66,55.39,
QSG08-493,39674,0.66,55.39,
QSG08-493,39697,0.56,55.31,
QSG08-493,39735,0.56,55.24,
QSG08-493,39763,0.56,55.23,
QSG08-493,39856,0.56,55.27,
QSG08-493,39962,0.56,55.31,
QSG08-493,40047,0.56,55.3,
QSG08-493,40132,0.56,55.28,
QSG08-493,40211,0.56,55.69,
QSG08-493,40322,0.56,55.86,
QSG08-493,40395,0.56,55.52,
QSG08-493,40425,0.56,55.34,
QSG08-493,40493,0.56,55.29,
QSG08-493,40528,0.56,55.27,
QSG08-493,40566,0.56,55.27,
QSG08-493,40579,0.56,55.27,
QSG08-493,40602,0.56,55.24,
QSG08-493,40633,0.3,55.66,
QSG08-493,40677,0.3,55.64,
QSG08-493,40738,0.3,55.54,
QSG08-493,40769,0.3,55.5,
QSG08-493,40801,0.3,55.74,
QSG08-493,40828,0.3,55.76,
QSG08-493,40862,0.3,55.73,
QSG08-493,40898,0.3,55.73,
QSG08-493,40917,0.3,55.72,
QSG08-493,40949,0.3,55.7,
QSG08-493,40990,0.3,55.75,
QSG08-493,41018,0.3,55.7,
QSG08-493,41060,0.3,55.66,
QSG08-493,41090,0.3,55.66,
QSG08-493,41119,0.3,55.57,
QSG08-493,41149,0.3,55.58,
QSG08-493,41181,0.3,55.55,
QSG08-493,41199,0.3,55.88,
QSG08-493,41238,0.3,55.84,
QSG08-493,41258,0.3,55.79,
QSG08-493,41286,0.3,55.8,
QSG08-493,41317,0.3,55.8,
QSG08-493,41345,0.3,55.81,
QSG08-493,41376,0.3,55.75,
QSG08-493,41406,0.3,55.68,
QSG08-493,41579,0.3,55.48,
QSG08-493,41659,0.3,55.72,
QSG08-493,41693,0.3,55.74,
QSG08-493,41727,0.3,55.79,
QSG08-493,41756,0.3,55.78,
QSG08-493,41780,0.3,55.78,
QSG08-493,41811,0.3,55.81,
QSG08-493,41848,0.3,55.77,
QSG08-493,41874,0.3,55.73,
QSG08-493,41909,0.3,55.49,
QSG08-493,42005,0.3,55.31,
QSG08-493,42036,0.3,55.34,
QSG08-493,42067,0.3,55.32,
QSG08-493,42098,0.3,55.34,
QSG08-493,42144,0.3,55.31,
QSG08-493,42158,0.3,55.31,
QSG08-493,42205,0.3,55.32,
QSG08-493,42228,0.3,55.35,
QSG08-493,42248,0.3,55.34,
QSG08-493,42298,0.3,55.34,
QSG08-493,42326,0.3,55.33,
QSG08-493,42341,0.3,55.33,
QSG08-493,42374,0.3,55.39,
QSG08-493,42424,,,
QSG08-493,42435,0.3,55.34,
QSG08-493,42468,0.33,55.36,
QSG08-493,42502,0.33,55.38,
QSG09-580,40197,0.18,170.92,
QSG09-580,40342,0.18,140.49,
QSG09-580,40425,1.3,126.9,
QSG09-580,40493,1.3,116.62,
QSG09-580,40528,1.3,109.4,
QSG09-580,40566,1.3,109.47,
QSG09-580,40579,1.3,102.63,
QSG09-580,40602,1.3,102.6,
QSG09-580,40633,1.3,101.4,
QSG09-580,40736,1.3,101.16,
QSG09-580,40767,1.3,101.15,
QSG09-580,40798,1.3,101.04,
QSG09-580,40828,1.3,101.1,
QSG09-580,40854,1.3,101.09,
QSG09-580,40896,1.3,101.12,
QSG09-580,40917,1.3,101.11,
QSG09-580,40950,1.3,101.12,
QSG09-580,40990,1.3,101.11,
QSG09-580,41015,1.3,101.09,
QSG09-580,41041,1.3,101.2,
QSG09-580,41072,1.3,101.22,
QSG09-580,41088,0,99.92,
QSG09-580,41116,0,99.85,
QSG09-580,41152,0,99.91,
QSG09-580,41181,0,99.9,
QSG09-580,41199,0,99.96,
QSG09-580,41233,0,99.77,
QSG09-580,41259,0,99.77,
QSG09-580,41379,0,99.78,
QSG09-580,41419,0,99.77,
QSG09-580,41437,0,99.78,
QSG09-580,41449,0,99.78,
QSG09-580,41467,0,99.77,
QSG09-580,41502,0,99.78,
QSG09-580,41518,0,99.78,
QSG09-580,41569,0,99.77,
QSG09-580,41600,0,99.77,
QSG09-580,41630,0,99.7,
QSG09-580,41659,0,99.72,
QSG09-580,41692,0,99.79,
QSG09-580,41727,0,99.76,
QSG09-580,41752,0,99.78,
QSG09-580,41784,0,99.8,
QSG09-580,41810,0,99.79,
QSG09-580,41848,0,99.77,
QSG09-580,41874,0,99.77,
QSG09-580,41910,0,99.76,
QSG09-580,41986,0,99.61,
QSG09-580,42017,0,99.78,
QSG09-580,42048,0,99.8,
QSG09-580,42066,0,99.61,
QSG09-580,42097,0,99.63,
QSG09-580,42145,0,99.64,
QSG09-580,42159,0,99.63,
QSG09-580,42188,0,99.53,
QSG09-580,42228,0,99.66,
QSG09-580,42250,0,99.65,
QSG09-580,42299,0,99.64,
QSG09-580,42327,0,99.65,
QSG09-580,42338,0,99.64,
QSG09-580,42373,0,99.65,
QSG09-580,42423,0,99.62,
QSG09-580,42432,0,99.62,
QSG09-580,42466,0,90.51,
QSG09-580,42500,0,99.84,
QSG09-585,40197,0.18,68.37,
QSG09-585,40342,0.18,68.53,
QSG09-585,40425,1.86,70.22,
QSG09-585,40486,1.86,70.28,
QSG09-585,40516,1.86,70.28,
QSG09-585,40566,1.86,70.28,
QSG09-585,40579,1.86,70.26,
QSG09-585,40602,1.86,70.26,
QSG09-585,40633,1.86,70.27,
QSG09-585,40736,1.86,70.29,
QSG09-585,40767,1.86,70.26,
QSG09-585,40798,1.86,70.26,
QSG09-585,40828,1.86,70.25,
QSG09-585,40854,1.86,70.27,
QSG09-585,40896,1.86,70.27,
QSG09-585,40917,1.86,70.3,
QSG09-585,40950,1.86,70.31,
QSG09-585,40990,1.86,70.29,
QSG09-585,41011,1.86,70.29,
QSG09-585,41015,1.86,70.29,
QSG09-585,41041,1.86,70.31,
QSG09-585,41064,1.86,70.32,
QSG09-585,41072,1.86,70.29,
QSG09-585,41088,0,68.44,
QSG09-585,41116,0,68.44,
QSG09-585,41150,0,68.45,
QSG09-585,41179,0,68.45,
QSG09-585,41199,0,68.45,
QSG09-585,41233,0,68.47,
QSG09-585,41257,0,68.48,
QSG09-585,41376,0,68.51,
QSG09-585,41406,0,68.5,
QSG09-585,41437,0,68.52,
QSG09-585,41449,0,68.52,
QSG09-585,41467,0,68.51,
QSG09-585,41502,0,68.53,
QSG09-585,41518,0,68.54,
QSG09-585,41569,0,68.52,
QSG09-585,41600,0,68.53,
QSG09-585,41630,0,68.47,
QSG09-585,41659,0,68.43,
QSG09-585,41692,0,68.56,
QSG09-585,41727,0,68.54,
QSG09-585,41752,0,68.57,
QSG09-585,41784,0,68.59,
QSG09-585,41810,0,68.57,
QSG09-585,41848,0,68.56,
QSG09-585,41874,0,68.5,
QSG09-585,41910,0,68.56,
QSG09-585,41986,0,68.52,
QSG09-585,42005,0,68.52,
QSG09-585,42036,0,68.54,
QSG09-585,42066,0,68.51,
QSG09-585,42097,0,68.54,
QSG09-585,42145,0,68.54,
QSG09-585,42159,0,68.54,
QSG09-585,42204,0,68.47,
QSG09-585,42228,0,68.58,
QSG09-585,42250,0,68.56,
QSG09-585,42299,0,68.56,
QSG09-585,42327,0,68.58,
QSG09-585,42338,0,68.56,
QSG09-585,42373,0,68.56,
QSG09-585,42423,0,68.54,
QSG09-585,42432,0,68.53,
QSG09-585,42466,0,68.45,
QSG09-585,42500,0,68.56,
QSG09-586,40342,0.18,124.78,
QSG09-586,40425,1.4,121.45,
QSG09-586,40486,1.4,119.9,
QSG09-586,40516,1.4,118.93,
QSG09-586,40566,1.4,119.01,
QSG09-586,40579,1.4,118.06,
QSG09-586,40602,1.4,118.06,
QSG09-586,40633,1.4,117.33,
QSG09-586,40736,1.4,116.22,
QSG09-586,40767,1.4,115.92,
QSG09-586,40798,1.4,115.73,
QSG09-586,40828,1.4,115.45,
QSG09-586,40831,1.4,115.45,
QSG09-586,40854,1.4,115.3,
QSG09-586,40896,1.4,115.04,
QSG09-586,40917,1.4,114.95,
QSG09-586,40950,1.4,114.76,
QSG09-586,40990,1.4,114.26,
QSG09-586,41011,0,112.86,
QSG09-586,41015,0,112.86,
QSG09-586,41041,0,112.62,
QSG09-586,41064,0,112.62,
QSG09-586,41072,0,112.59,
QSG09-586,41088,0,112.59,
QSG09-586,41116,0,112.48,
QSG09-586,41150,0,112.36,
QSG09-586,41179,0,112.26,
QSG09-586,41199,0,112.2,
QSG09-586,41233,0,112.1,
QSG09-586,41257,0,112.36,
QSG09-586,41376,0,111.65,
QSG09-586,41379,0,111.65,
QSG09-586,41406,0,111.64,
QSG09-586,41419,0,111.64,
QSG09-586,41437,0,111.59,
QSG09-586,41449,0,111.59,
QSG09-586,41467,0,111.73,
QSG09-586,41502,1.3,112.49,
QSG09-586,41518,0,111.4,
QSG09-586,41569,0,111.34,
QSG09-586,41600,0,111.29,
QSG09-586,41630,0,111.1,
QSG09-586,41659,0,111.11,
QSG09-586,41692,0,111.12,
QSG09-586,41727,0,111.07,
QSG09-586,41752,0,111.06,
QSG09-586,41784,0,111.02,
QSG09-586,41810,0,110.98,
QSG09-586,41848,0,110.9,
QSG09-586,41874,0,110.8,
QSG09-586,41910,0,110.81,
QSG09-586,41986,0,110.66,
QSG09-586,42017,0,110.6,
QSG09-586,42048,0,110.6,
QSG09-586,42066,0,110.56,
QSG09-586,42097,0,110.53,
QSG09-586,42145,0,110.53,
QSG09-586,42159,0,110.51,
QSG09-586,42204,0,110.37,
QSG09-586,42228,0,110.49,
QSG09-586,42250,0,110.47,
QSG09-586,42299,0,110.44,
QSG09-586,42327,0,110.42,
QSG09-586,42338,0,110.4,
QSG09-586,42373,0,110.38,
QSG09-586,42423,0,110.33,
QSG09-586,42432,0,110.32,
QSG09-586,42466,0,110.2,
QSG09-586,42500,0,110.32,
QSG09-587,40197,-0.12,28.34,
QSG09-587,40425,1.3,29.76,
QSG09-587,40486,1.3,29.8,
QSG09-587,40516,1.3,29.81,
QSG09-587,40566,1.3,29.82,
QSG09-587,40579,1.3,29.8,
QSG09-587,40602,1.3,29.77,
QSG09-587,40633,1.3,29.8,
QSG09-587,40736,1.3,29.85,
QSG09-587,40767,1.3,29.83,
QSG09-587,40798,1.3,29.81,
QSG09-587,40828,1.3,29.84,
QSG09-587,40854,1.3,29.84,
QSG09-587,40898,1.3,29.87,
QSG09-587,40920,1.3,29.86,
QSG09-587,40950,1.3,29.88,
QSG09-587,40990,1.3,29.89,
QSG09-587,41011,1.3,29.86,
QSG09-587,41015,1.3,29.86,
QSG09-587,41041,1.3,29.89,
QSG09-587,41064,1.3,29.89,
QSG09-587,41072,1.3,29.89,
QSG09-587,41090,1.3,29.89,
QSG09-587,41120,1.3,29.92,
QSG09-587,41150,1.3,29.92,
QSG09-587,41179,1.3,29.88,
QSG09-587,41199,1.3,29.92,
QSG09-587,41233,1.3,29.9,
QSG09-587,41257,1.3,29.89,
QSG09-587,41374,1.3,29.92,
QSG09-587,41419,1.3,29.91,
QSG09-587,41437,1.3,29.94,
QSG09-587,41448,1.3,29.94,
QSG09-587,41467,1.3,29.95,
QSG09-587,41497,1.3,29.95,
QSG09-587,41518,1.3,29.95,
QSG09-587,41569,1.3,29.96,
QSG09-587,41600,1.3,29.95,
QSG09-587,41630,1.3,29.95,
QSG09-587,41659,1.3,29.95,
QSG09-587,41690,1.3,29.93,
QSG09-587,41726,1.3,29.97,
QSG09-587,41754,1.3,29.99,
QSG09-587,41811,1.3,29.97,
QSG09-587,41848,1.3,30,
QSG09-587,41874,1.3,30,
QSG09-587,41910,1.3,30,
QSG09-587,41981,1.3,29.98,
QSG09-587,42012,1.3,30.03,
QSG09-587,42043,1.3,30.03,
QSG09-587,42066,1.29,30.05,
QSG09-587,42097,1.29,30.08,
QSG09-587,42144,1.29,30.03,
QSG09-587,42157,1.29,30.03,
QSG09-587,42204,1.3,30.04,
QSG09-587,42228,1.3,30.12,
QSG09-587,42248,1.3,30.1,
QSG09-587,42297,1.3,30.08,
QSG09-587,42326,1.3,30.09,
QSG09-587,42338,1.3,30.1,
QSG09-587,42374,1.3,30.13,
QSG09-587,42423,1.3,30.08,
QSG09-587,42433,1.3,30.09,
QSG09-587,42466,1.3,30.09,
QSG09-587,42500,1.3,30.12,
QSG09-597,40162,0,45.25,
QSG09-597,40425,0,45.55,
QSG09-597,40486,0,45.54,
QSG09-597,40516,0,45.52,
QSG09-597,40566,0,45.53,
QSG09-597,40579,0,45.55,
QSG09-597,40602,0,45.54,
QSG09-597,40633,0,45.52,
QSG09-597,40736,0,45.57,
QSG09-597,40767,0,45.63,
QSG09-597,40798,0,45.56,
QSG09-597,40828,0,45.57,
QSG09-597,40863,0,45.56,
QSG09-597,40898,0,45.58,
QSG09-597,40917,0,45.59,
QSG09-597,40953,0,45.59,
QSG09-597,40990,0,45.59,
QSG09-597,41011,0,45.6,
QSG09-597,41041,0,45.6,
QSG09-597,41064,0,45.6,
QSG09-597,41090,0,45.6,
QSG09-597,41119,0,45.61,
QSG09-597,41149,0,45.66,
QSG09-597,41179,0,45.6,
QSG09-597,41199,0,45.71,
QSG09-597,41233,0,45.72,
QSG09-597,41257,0,45.72,
QSG09-597,41376,0,45.69,
QSG09-597,41406,0,45.65,
QSG09-597,41421,0,45.65,
QSG09-597,41437,0,45.65,
QSG09-597,41448,0,45.65,
QSG09-597,41467,0,45.62,
QSG09-597,41500,0,45.62,
QSG09-597,41518,0,45.65,
QSG09-597,41569,0,45.65,
QSG09-597,41600,0,45.64,
QSG09-597,41630,0,45.61,
QSG09-597,41659,0,45.6,
QSG09-597,41693,0,45.63,
QSG09-597,41727,0,45.65,
QSG09-597,41756,0,45.65,
QSG09-597,41780,0,45.66,
QSG09-597,41811,0,45.68,
QSG09-597,41848,0,45.67,
QSG09-597,41874,0,45.67,
QSG09-597,41909,0,45.67,
QSG09-597,41984,0,45.67,
QSG09-597,42015,0,45.68,
QSG09-597,42046,0,45.71,
QSG09-597,42067,0,45.7,
QSG09-597,42098,0,45.73,
QSG09-597,42145,0,45.71,
QSG09-597,42159,0,,
QSG09-597,42205,0,45.72,
QSG09-597,42228,0,45.75,
QSG09-597,42248,0,45.74,
QSG09-597,42298,0,45.74,
QSG09-597,42326,0,45.73,
QSG09-597,42341,0,45.74,
QSG09-597,42374,0,45.84,
QSG09-597,42424,0,45.52,
QSG09-597,42435,0,45.57,
QSG09-597,42468,0,45.59,
QSG09-597,42502,0,45.63,
QSG09-605,40162,1.07,24.85,
QSG09-605,40211,1.07,22.47,
QSG09-605,40425,1.07,22.33,
QSG09-605,40486,1.07,22.32,
QSG09-605,40516,1.07,22.33,
QSG09-605,40566,1.07,22.32,
QSG09-605,40579,1.07,22.29,
QSG09-605,40602,1.07,22.29,
QSG09-605,40633,1.07,22.25,
QSG09-605,40736,1.07,22.25,
QSG09-605,40767,1.07,22.25,
QSG09-605,40798,1.07,22.23,
QSG09-605,40828,1.07,22.2,
QSG09-605,40854,1.07,22.2,
QSG09-605,40898,1.07,22.19,
QSG09-605,40920,1.07,22.2,
QSG09-605,40950,1.07,22.16,
QSG09-605,40990,1.07,22.15,
QSG09-605,41011,1.07,22.17,
QSG09-605,41015,1.07,22.17,
QSG09-605,41041,1.07,22.15,
QSG09-605,41064,1.07,22.15,
QSG09-605,41072,1.07,22.12,
QSG09-605,41090,1.07,22.12,
QSG09-605,41120,1.07,22.14,
QSG09-605,41149,1.07,22.13,
QSG09-605,41179,1.07,22.07,
QSG09-605,41199,1.07,22.13,
QSG09-605,41233,1.07,22.09,
QSG09-605,41257,1.07,22.06,
QSG09-605,41379,1.07,22,
QSG09-605,41419,1.07,21.99,
QSG09-605,41437,1.04,21.97,
QSG09-605,41450,1.04,21.97,
QSG09-605,41467,1.04,21.97,
QSG09-605,41497,1.04,21.95,
QSG09-605,41518,1.04,21.96,
QSG09-605,41569,1.04,21.95,
QSG09-605,41600,1.04,21.96,
QSG09-605,41630,1.04,21.91,
QSG09-605,41659,1.04,21.89,
QSG09-605,41690,1.04,21.91,
QSG09-605,41726,1.04,21.91,
QSG09-605,41754,1.04,21.9,
QSG09-605,41783,1.04,21.87,
QSG09-605,41812,1.07,21.87,
QSG09-605,41848,1.04,21.85,
QSG09-605,41874,1.04,21.85,
QSG09-605,41910,1.04,21.88,
QSG09-605,41981,1.04,21.77,
QSG09-605,42012,1.04,21.47,
QSG09-605,42043,1.04,21.37,
QSG09-605,42066,1.04,21.32,
QSG09-605,42097,1.04,21.15,
QSG09-605,42145,1.04,21.02,
QSG09-605,42157,1.04,20.97,
QSG09-605,42204,1,20.88,
QSG09-605,42228,1,20.91,
QSG09-605,42250,1,20.66,
QSG09-605,42298,1,20.67,
QSG09-605,42326,1,20.61,
QSG09-605,42338,1,20.63,
QSG09-605,42374,1,20.61,
QSG09-605,42423,1,20.54,
QSG09-605,42433,1,20.53,
QSG09-605,42466,1,20.47,
QSG09-605,42500,1,20.43,
QSG09-608,40162,0,28.39,
QSG09-608,40425,0.98,29.41,
QSG09-608,40486,0.98,29.46,
QSG09-608,40516,0.98,29.47,
QSG09-608,40566,0.98,29.45,
QSG09-608,40579,0.98,29.46,
QSG09-608,40602,0.98,29.46,
QSG09-608,40633,0.98,29.46,
QSG09-608,40736,0.98,29.51,
QSG09-608,40767,0.98,29.5,
QSG09-608,40798,0.98,29.49,
QSG09-608,40828,0.98,29.52,
QSG09-608,40854,0.98,29.51,
QSG09-608,40898,0.98,29.55,
QSG09-608,40920,0.98,29.54,
QSG09-608,40950,0.98,29.57,
QSG09-608,40990,0.98,29.58,
QSG09-608,41011,0.98,29.53,
QSG09-608,41015,0.98,29.53,
QSG09-608,41041,0.98,29.57,
QSG09-608,41064,0.98,29.57,
QSG09-608,41072,0.98,29.58,
QSG09-608,41090,0.98,29.58,
QSG09-608,41120,0.98,29.6,
QSG09-608,41149,0.98,29.62,
QSG09-608,41179,0.98,29.53,
QSG09-608,41199,0.98,29.59,
QSG09-608,41233,0.98,29.58,
QSG09-608,41257,0.98,29.58,
QSG09-608,41379,0.98,29.62,
QSG09-608,41419,0.98,29.59,
QSG09-608,41437,0.98,29.62,
QSG09-608,41448,0.98,29.62,
QSG09-608,41467,0.95,29.63,
QSG09-608,41497,0.95,29.63,
QSG09-608,41518,0.95,29.63,
QSG09-608,41569,0.95,29.64,
QSG09-608,41600,0.95,29.63,
QSG09-608,41630,0.95,29.63,
QSG09-608,41659,0.95,29.61,
QSG09-608,41690,0.95,29.63,
QSG09-608,41726,0.95,29.66,
QSG09-608,41754,0.95,29.67,
QSG09-608,41783,0.95,29.68,
QSG09-608,41811,0.95,29.66,
QSG09-608,41848,0.95,29.7,
QSG09-608,41874,0.95,29.67,
QSG09-608,41910,0.95,29.69,
QSG09-608,41981,0.95,29.68,
QSG09-608,42012,0.95,29.72,
QSG09-608,42043,0.95,29.71,
QSG09-608,42066,0.95,29.73,
QSG09-608,42097,0.95,29.75,
QSG09-608,42144,0.95,29.72,
QSG09-608,42157,0.95,29.72,
QSG09-608,42204,0.95,29.73,
QSG09-608,42228,0.95,29.8,
QSG09-608,42248,0.95,29.78,
QSG09-608,42297,0.95,29.77,
QSG09-608,42326,0.9,29.78,
QSG09-608,42338,0.9,29.77,
QSG09-608,42374,0.9,29.8,
QSG09-608,42423,0.9,29.76,
QSG09-608,42433,0.9,29.77,
QSG09-608,42466,0.9,29.73,
QSG09-608,42500,0.9,29.81,
QSG10-696,40566,1.37,42.37,
QSG10-696,40579,1.37,42.36,
QSG10-696,40602,1.37,42.35,
QSG10-696,40633,1.37,42.35,
QSG10-696,40736,1.37,42.35,
QSG10-696,40767,1.37,42.35,
QSG10-696,40798,1.37,42.36,
QSG10-696,40828,1.37,42.36,
QSG10-696,40863,1.37,42.35,
QSG10-696,40889,1.37,42.36,
QSG10-696,40920,1.37,42.33,
QSG10-696,40952,1.37,42.36,
QSG10-696,40990,1.37,42.36,
QSG10-696,41011,1.37,42.35,
QSG10-696,41041,1.37,42.38,
QSG10-696,41061,1.37,42.38,
QSG10-696,41072,1.37,42.39,
QSG10-696,41088,1.37,42.39,
QSG10-696,41119,1.37,42.42,
QSG10-696,41150,1.37,42.42,
QSG10-696,41179,1.37,42.43,
QSG10-696,41199,1.37,42.44,
QSG10-696,41233,1.37,42.45,
QSG10-696,41257,1.37,42.43,
QSG10-696,41379,1.37,42.44,
QSG10-696,41421,1.37,42.42,
QSG10-696,41437,1.37,42.46,
QSG10-696,41449,1.37,42.46,
QSG10-696,41467,1.37,42.46,
QSG10-696,41501,1.37,42.45,
QSG10-696,41518,1.4,42.46,
QSG10-696,41569,1.4,42.44,
QSG10-696,41600,1.4,42.45,
QSG10-696,41630,1.4,42.4,
QSG10-696,41659,1.4,42.4,
QSG10-696,41694,1.4,42.43,
QSG10-696,41727,1.4,42.43,
QSG10-696,41751,1.4,42.44,
QSG10-696,41782,1.4,42.43,
QSG10-696,41810,1.4,42.45,
QSG10-696,41848,1.4,42.46,
QSG10-696,41876,1.4,42.43,
QSG10-696,41910,1.3,42.45,
QSG10-696,41986,1.4,42.45,
QSG10-696,42017,1.4,42.47,
QSG10-696,42048,1.4,42.48,
QSG10-696,42066,1.4,42.45,
QSG10-696,42097,1.4,42.47,
QSG10-696,42144,1.4,41.01,
QSG10-696,42158,1.4,41.04,
QSG10-696,42204,0,41,
QSG10-696,42228,0,41.06,
QSG10-696,42250,0,41.04,
QSG10-696,42299,0,41.05,
QSG10-696,42327,0,41.05,
QSG10-696,42338,0,41.03,
QSG10-696,42373,0,41.04,
QSG10-696,42423,0,41.01,
QSG10-696,42432,0,41,
QSG10-696,42466,0,41.01,
QSG10-696,42500,0,41.01,
Casing acero,40211,0.08,29.87,
Casing acero,40425,0.08,28.93,
Casing acero,40486,0.08,28.9,
Casing acero,40516,0.08,28.92,
Casing acero,40566,0.08,28.92,
Casing acero,40579,0.08,28.93,
Casing acero,40602,0.08,28.93,
Casing acero,40633,0.08,28.94,
Casing acero,40736,0.08,29.02,
Casing Acero,40767,0.08,29,
Casing Acero,40798,0.08,28.98,
Casing Acero,40828,0.08,28.98,
Casing Acero,40854,0.08,28.95,
Casing Acero,40898,0.08,28.99,
Casing Acero,40920,0.08,28.99,
Casing Acero,40950,0.08,28.88,
Casing Acero,40990,0.08,28.98,
Casing Acero,41011,0.08,28.96,
Casing Acero,41041,0.08,28.96,
Casing Acero,41064,0.08,28.96,
Casing Acero,41088,0.08,28.96,
Casing Acero,41120,0.08,28.97,
Casing Acero,41150,0.08,28.93,
Casing Acero,41179,0.08,28.86,
Casing Acero,41199,0.08,28.93,
Casing Acero,41233,0.08,28.92,
Casing Acero,41257,0.08,28.93,
Casing Acero,41376,0.08,28.94,
Casing Acero,41379,0.08,28.89,
Casing Acero,41437,0.08,28.87,
Casing Acero,41448,0.08,28.87,
Casing Acero,41467,0.08,28.85,
Casing Acero,41497,0.08,28.85,
Casing Acero,41518,0.08,28.85,
Casing Acero,41569,0.08,28.85,
Casing Acero,41600,0.08,28.84,
Casing Acero,41630,0.08,28.8,
Casing Acero,41659,0.08,28.77,
Casing Acero,41690,0.08,28.82,
Casing Acero,41718,0.08,,
Casing Acero,41752,0.08,28.81,
Casing Acero,41782,0.08,28.81,
Casing Acero,41811,0.08,28.8,
Casing Acero,41848,0.08,28.8,
Casing Acero,41875,0.08,28.81,
Casing Acero,41910,0.08,28.8,
Casing Acero,41981,0.08,28.75,
Casing Acero,42012,0.08,28.77,
Casing Acero,42043,0.08,28.77,
Casing Acero,42066,0.08,28.77,
Casing Acero,42097,0.08,28.78,
Casing Acero,42145,0.08,28.77,
Casing Acero,42159,0.08,28.77,
Casing Acero,42204,0.06,28.72,
Casing Acero,42250,0.06,28.78,
Casing Acero,42298,0.06,28.76,
Casing Acero,42326,0.06,28.77,
Casing Acero,42338,0.06,28.76,
Casing Acero,42374,0.06,28.79,
Casing Acero,42423,0.06,28.76,
Casing Acero,42433,0.06,28.77,
Casing Acero,42466,0.06,28.77,
Casing Acero,42500,0.06,28.79,
QSG08-530,41437,,,
QSG08-530,41467,,,
QSG08-530,41501,,,
QSG08-530,41569,1.5,61.64,
QSG08-530,41600,1.5,61.53,
QSG08-530,41630,1.5,61.39,
QSG08-530,41659,1.5,61.29,
QSG08-530,41695,1.5,61.19,
QSG08-530,41723,,,
QSG08-530,41752,1.5,60.99,
QSG08-530,41782,1.5,60.9,
QSG08-530,41810,1.5,60.84,
QSG08-530,41848,1.5,60.74,
QSG08-530,41875,1.5,60.69,
QSG08-530,41910,1.5,60.57,
QSG08-530,41982,1.5,60.32,
QSG08-530,42013,1.5,60.26,
QSG08-530,42044,1.5,60.24,
QSG08-530,42066,1.5,60.21,
QSG08-530,42097,1.5,60.14,
QSG08-530,42145,1.5,60.09,
QSG08-530,42159,1.5,60.07,
QSG08-530,42204,1.5,59.96,
QSG08-530,42228,1.5,60.03,
QSG08-530,42250,1.5,60.02,
QSG08-530,42299,1.5,59.99,
QSG08-530,42327,1.5,59.98,
QSG08-530,42338,1.5,59.69,
QSG08-530,42374,1.5,59.95,
QSG08-530,42423,1.5,59.91,
QSG08-530,42432,1.5,59.9,
QSG08-530,42466,1.5,59.83,
QSG08-530,42500,1.5,59.89,
Loreto 3,39448,0.25,29.05,
Loreto 3,39479,0.25,29.04,
Loreto 3,39508,0.25,29.05,
Loreto 3,39539,0.25,29.05,
Loreto 3,39569,0.25,29.06,
Loreto 3,39600,0.25,29.07,
Loreto 3,39630,0.25,29.07,
Loreto 3,39661,0.25,29.05,
Loreto 3,39692,0.25,29.06,
Loreto 3,39722,0.25,29.03,
Loreto 3,39753,0.25,29.02,
Loreto 3,39783,0.25,29.08,
Loreto 3,39814,0.25,29.07,
Loreto 3,39845,0.25,29.09,
Loreto 3,39873,0.25,29.09,
Loreto 3,39904,0.25,29.09,
Loreto 3,39934,0.25,29.11,
Loreto 3,39965,0.25,29.11,
Loreto 3,39995,0.25,29.11,
Loreto 3,40026,0.25,29.13,
Loreto 3,40057,0.25,29.11,
Loreto 3,40087,0.25,29.11,
Loreto 3,40118,0.25,29.14,
Loreto 3,40148,0.25,29.13,
Loreto 3,40179,0.25,29.13,
Loreto 3,40210,0.25,29.15,
Loreto 3,40238,0.25,29.15,
Loreto 3,40269,0.25,29.15,
Loreto 3,40299,0.25,29.09,
Loreto 3,40330,0.25,29.09,
Loreto 3,40360,0.25,29.14,
Loreto 3,40391,0.25,29.15,
Loreto 3,40422,0.25,29.16,
Loreto 3,40452,0.25,29.17,
Loreto 3,40483,0.25,29.17,
Loreto 3,40513,0.25,29.17,
Loreto 3,40544,0.25,29.17,
Loreto 3,40575,0.25,29.17,
Loreto 3,40603,0.25,29.18,
Loreto 3,40634,0.25,29.18,
Loreto 3,40664,0.25,29.18,
Loreto 3,40695,0.25,29.19,
Loreto 3,40725,0.25,29.19,
Loreto 3,40756,0.25,29.19,
Loreto 3,40787,0.25,29.2,
Loreto 3,40817,0.25,29.24,
Loreto 3,40848,0.25,29.19,
Loreto 3,40878,0.25,29.21,
Loreto 3,40991,0.25,29.25,
Loreto 3,41018,0.25,29.28,
Loreto 3,41064,0.25,29.25,
Loreto 3,41088,0.25,29.25,
Loreto 3,41120,0.25,29.28,
Loreto 3,41152,0.25,29.26,
Loreto 3,41179,0.25,29.2,
Loreto 3,41199,0.25,29.29,
Loreto 3,41233,0.25,29.28,
Loreto 3,41259,0.25,29.35,
Loreto 3,41437,0.25,29.29,
Loreto 3,41448,0.25,29.29,
Loreto 3,41467,0.25,29.29,
Loreto 3,41497,0.25,29.3,
Loreto 3,41518,0.25,29.31,
Loreto 3,41569,0.25,29.31,
Loreto 3,41600,0.25,29.31,
Loreto 3,41630,0.25,29.26,
Loreto 3,41659,0.25,29.27,
Loreto 3,41690,0.25,29.31,
Loreto 3,41718,,,
Loreto 3,41754,0.25,29.34,
Loreto 3,41783,0.25,29.34,
Loreto 3,41812,0.25,29.34,
Loreto 3,41848,0.25,29.35,
Loreto 3,41875,0.25,29.36,
Loreto 3,41910,0.25,29.36,
Loreto 3,41985,0.25,29.33,
Loreto 3,42016,0.25,29.34,
Loreto 3,42047,0.25,29.34,
Loreto 3,42066,0.25,29.33,
Loreto 3,42097,0.25,29.36,
Loreto 3,42145,0.25,29.35,
Loreto 3,42157,0.25,29.34,
Loreto 3,42204,0.24,29.32,
Loreto 3,42228,0.24,29.39,
Loreto 3,42250,0.24,29.39,
Loreto 3,42298,0.24,29.39,
Loreto 3,42326,0.24,29.38,
Loreto 3,42338,0.24,29.37,
Loreto 3,42374,0.24,29.39,
Loreto 3,42423,0.24,29.37,
Loreto 3,42433,0.24,29.37,
Loreto 3,42466,0.24,29.34,
Loreto 3,42500,0.24,29.39,
Loreto 4,39448,0.1,28.82,
Loreto 4,39479,0.1,28.83,
Loreto 4,39508,0.1,28.86,
Loreto 4,39539,0.1,28.88,
Loreto 4,39569,0.1,28.9,
Loreto 4,39600,0.1,28.92,
Loreto 4,39630,0.1,28.93,
Loreto 4,39661,0.1,28.94,
Loreto 4,39692,0.1,28.96,
Loreto 4,39722,0.1,28.94,
Loreto 4,39753,0.1,29,
Loreto 4,39783,0.1,29.02,
Loreto 4,39814,0.1,29.02,
Loreto 4,39845,0.1,29.04,
Loreto 4,39873,0.1,29.05,
Loreto 4,39904,0.1,29.08,
Loreto 4,39934,0.1,29.09,
Loreto 4,39965,0.1,29.1,
Loreto 4,39995,0.1,29.11,
Loreto 4,40026,0.1,29.13,
Loreto 4,40057,0.1,29.14,
Loreto 4,40087,0.1,29.15,
Loreto 4,40118,0.1,29.16,
Loreto 4,40148,0.1,29.18,
Loreto 4,40179,0.1,29.2,
Loreto 4,40210,0.1,29.22,
Loreto 4,40238,0.1,29.23,
Loreto 4,40269,0.1,29.23,
Loreto 4,40299,0.1,29.19,
Loreto 4,40330,0.1,29.21,
Loreto 4,40360,0.1,29.27,
Loreto 4,40391,0.1,29.28,
Loreto 4,40422,0.1,29.29,
Loreto 4,40452,0.1,29.32,
Loreto 4,40483,0.1,29.32,
Loreto 4,40513,0.1,29.33,
Loreto 4,40544,0.1,29.33,
Loreto 4,40575,0.1,29.36,
Loreto 4,40603,0.1,29.38,
Loreto 4,40634,0.1,29.39,
Loreto 4,40664,0.1,29.4,
Loreto 4,40695,0.1,29.41,
Loreto 4,40725,0.1,29.41,
Loreto 4,40756,0.1,29.44,
Loreto 4,40787,0.1,29.45,
Loreto 4,40817,0.1,29.45,
Loreto 4,40848,0.1,29.45,
Loreto 4,40878,0.1,29.47,
Loreto 4,40991,0.1,34.13,
Loreto 4,41018,0.1,34.14,
Loreto 4,41064,0.1,34.12,
Loreto 4,41088,0.1,29.54,
Loreto 4,41116,0.1,29.54,
Loreto 4,41152,0.1,29.54,
Loreto 4,41179,0.1,29.47,
Loreto 4,41199,0.1,29.56,
Loreto 4,41233,0.1,29.55,
Loreto 4,41259,0.1,29.65,
Loreto 4,41437,0.1,29.51,
Loreto 4,41448,0.1,29.51,
Loreto 4,41467,0.1,29.5,
Loreto 4,41497,0.1,29.51,
Loreto 4,41518,0.1,29.51,
Loreto 4,41569,0.1,29.51,
Loreto 4,41600,0.1,29.5,
Loreto 4,41630,0.1,29.45,
Loreto 4,41659,0.1,29.47,
Loreto 4,41695,0.1,29.51,
Loreto 4,41726,0.1,29.48,
Loreto 4,41754,0.1,29.49,
Loreto 4,41783,0.1,29.48,
Loreto 4,41812,0.1,29.48,
Loreto 4,41848,0.1,29.47,
Loreto 4,41875,0.1,29.47,
Loreto 4,41910,0.1,29.47,
Loreto 4,41981,0.1,29.47,
Loreto 4,42012,0.1,29.43,
Loreto 4,42043,0.1,29.44,
Loreto 4,42066,0.1,29.44,
Loreto 4,42097,0.1,29.46,
Loreto 4,42145,0.1,29.44,
Loreto 4,42159,0.1,29.48,
Loreto 4,42204,0.1,29.43,
Loreto 4,42228,0.1,29.46,
Loreto 4,42250,0.1,29.47,
Loreto 4,42299,0.1,29.47,
Loreto 4,42326,0.1,29.48,
Loreto 4,42338,0.1,29.47,
Loreto 4,42374,0.1,29.49,
Loreto 4,42423,0.1,29.47,
Loreto 4,42433,0.1,29.48,
Loreto 4,42466,0.1,29.49,
Loreto 4,42500,0.1,29.51,
KP-DH10-33,40395,0,54.6,
KP-DH10-33,40425,0.5,54.96,
KP-DH10-33,40486,0.5,54.9,
KP-DH10-33,40516,0.5,54.91,
KP-DH10-33,40566,0.5,54.88,
KP-DH10-33,40579,0.5,54.89,
KP-DH10-33,40602,0.5,54.84,
KP-DH10-33,40633,0.5,54.85,
KP-DH10-33,40677,0.5,54.84,
KP-DH10-33,40736,0.5,54.87,
KP-DH10-33,40767,0.5,54.85,
KP-DH10-33,40798,0.5,54.85,
KP-DH10-33,40828,0.5,54.82,
KP-DH10-33,40861,0.5,54.83,
KP-DH10-33,40896,0.5,54.83,
KP-DH10-33,40920,0.5,54.84,
KP-DH10-33,40952,0.5,54.88,
KP-DH10-33,40990,0.5,54.9,
KP-DH10-33,41011,0.5,54.94,
KP-DH10-33,41018,0.5,54.94,
KP-DH10-33,41041,0.5,54.92,
KP-DH10-33,41061,0.5,54.92,
KP-DH10-33,41072,0.5,55.01,
KP-DH10-33,41088,0.5,55.01,
KP-DH10-33,41119,0.5,55.04,
KP-DH10-33,41150,0.5,55.04,
KP-DH10-33,41179,0.5,55,
KP-DH10-33,41199,0.5,55.06,
KP-DH10-33,41233,0.5,55.02,
KP-DH10-33,41257,0.5,55.01,
KP-DH10-33,41376,0.5,55,
KP-DH10-33,41406,0.5,55.02,
KP-DH10-33,41694,0.5,54.94,
KP-DH10-33,41727,0.5,54.92,
KP-DH10-33,41752,0.5,54.96,
KP-DH10-33,41782,0.5,54.94,
KP-DH10-33,41810,0.5,54.94,
KP-DH10-33,41848,0.5,54.94,
KP-DH10-33,41875,0.5,54.94,
KP-DH10-33,41909,0.5,54.93,
KP-DH10-33,41986,0.5,54.92,
KP-DH10-33,42017,0.5,54.92,
KP-DH10-33,42048,0.5,54.93,
KP-DH10-33,42067,0.5,54.91,
KP-DH10-33,42098,0.5,54.94,
KP-DH10-33,42144,0.5,54.9,
KP-DH10-33,42158,0.5,54.9,
KP-DH10-33,42205,0.5,54.89,
KP-DH10-33,42228,0.5,54.92,
KP-DH10-33,42248,0.5,54.9,
KP-DH10-33,42298,0.5,54.9,
KP-DH10-33,42326,0.5,54.89,
KP-DH10-33,42341,0.5,54.89,
KP-DH10-33,42373,0.5,54.87,
KP-DH10-33,42423,,,
KP-DH10-33,42437,0.5,54.85,
KP-DH10-33,42469,0.5,58.26,
KP-DH10-33,42502,0.5,58.39,
QSG09-602,40162,1.14,200,
QSG09-602,40197,1.14,114.01,
QSG09-602,40425,1.14,28.56,
QSG09-602,40486,1.14,28.48,
QSG09-602,40516,1.14,28.45,
QSG09-602,40566,1.14,28.45,
QSG09-602,40579,1.14,28.42,
QSG09-602,40602,1.14,28.4,
QSG09-602,40633,1.14,28.38,
QSG09-602,40736,1.14,28.38,
QSG09-602,40767,1.14,28.37,
QSG09-602,40798,1.14,28.34,
QSG09-602,40828,1.14,28.33,
QSG09-602,40854,1.14,28.33,
QSG09-602,40898,1.14,28.35,
QSG09-602,40920,1.14,28.37,
QSG09-602,40950,1.14,28.39,
QSG09-602,40990,1.14,28.36,
QSG09-602,41011,1.14,28.36,
QSG09-602,41015,1.14,28.36,
QSG09-602,41041,1.14,28.36,
QSG09-602,41064,1.14,28.36,
QSG09-602,41072,1.14,28.36,
QSG09-602,41090,1.14,28.36,
QSG09-602,41120,1.14,28.35,
QSG09-602,41149,1.14,28.35,
QSG09-602,41179,1.14,28.29,
QSG09-602,41199,1.14,28.36,
QSG09-602,41233,1.14,28.38,
QSG09-602,41257,1.14,28.38,
QSG09-602,41374,1.14,28.35,
QSG09-602,41419,1.14,28.39,
QSG09-602,41448,1.14,28.38,
QSG09-602,41726,1.12,28.39,
QSG09-602,41754,1.12,27.67,
QSG09-602,41783,1.12,27.73,
QSG09-602,41812,1.12,27.76,
QSG09-602,41848,1.12,27.81,
QSG09-602,41875,1.12,27.85,
QSG09-602,41909,1.12,27.87,
QSG09-602,41981,1.12,27.92,
QSG09-602,42012,1.12,27.98,
QSG09-602,42043,1.12,28.01,
QSG09-602,42066,1.12,27.84,
QSG09-602,42097,1.12,27.91,
QSG09-602,42145,1.12,28.06,
QSG09-602,42157,1.12,28.07,
QSG09-602,42204,1.18,27.88,
QSG09-602,42228,1.18,27.93,
Pozo monitoreo 1,42081,0,23.28,
Pozo monitoreo 1,42089,0,22.32,
Pozo monitoreo 1,42094,0,20.79,
Pozo monitoreo 1,42096,0,21.65,
Pozo monitoreo 1,42100,0,21.17,
Pozo monitoreo 1,42103,0,20.8,
Pozo monitoreo 1,42107,0,20.53,
Pozo monitoreo 1,42114,0,19.99,
Pozo monitoreo 1,42117,0,19.27,
Pozo monitoreo 1,42121,0,14.84,
Pozo monitoreo 1,42122,0,14.25,
Pozo monitoreo 1,42123,0,13.89,
Pozo monitoreo 1,42124,0,13.53,
Pozo monitoreo 1,42128,0,12.39,
Pozo monitoreo 1,42129,0,12.16,
Pozo monitoreo 1,42130,0,11.78,
Pozo monitoreo 1,42131,0,11.11,
Pozo monitoreo 1,42135,0,10.83,
Pozo monitoreo 1,42137,0,10.53,
Pozo monitoreo 1,42139,0,10.23,
Pozo monitoreo 1,42142,0,9.96,
Pozo monitoreo 1,42144,0,10.72,
Pozo monitoreo 1,42146,0,9.82,
Pozo monitoreo 1,42149,0,8.75,
Pozo monitoreo 1,42151,0,8.67,
Pozo monitoreo 1,42154,0,8.43,
Pozo monitoreo 1,42156,0,8.1,
Pozo monitoreo 1,42158,0,7.88,
Pozo monitoreo 1,42160,0,7.62,
Pozo monitoreo 1,42162,0,7.51,
Pozo monitoreo 1,42164,0,7.39,
Pozo monitoreo 1,42165,0,7.29,
Pozo monitoreo 1,42170,0,7.17,
Pozo monitoreo 1,42172,0,7.13,
Pozo monitoreo 1,42175,0,7.06,
Pozo monitoreo 1,42177,0,6.95,
Pozo monitoreo 1,42179,0,6.95,
Pozo monitoreo 1,42181,0,6.85,
Pozo monitoreo 1,42185,0,6.78,
Pozo monitoreo 1,42186,0,6.79,
Pozo monitoreo 1,42187,0,6.76,
Pozo monitoreo 1,42191,0,6.64,
Pozo monitoreo 1,42193,0,6.56,
Pozo monitoreo 1,42198,0,6.4,
Pozo monitoreo 1,42200,0,6.35,
Pozo monitoreo 1,42202,0,6.27,
Pozo monitoreo 1,42204,0,6.25,
Pozo monitoreo 1,42205,0,6.16,
Pozo monitoreo 1,42207,0,6.19,
Pozo monitoreo 1,42212,0,6.03,
Pozo monitoreo 1,42214,0,5.92,
Pozo monitoreo 1,42216,0,4.58,
Pozo monitoreo 1,42219,0,5.83,
Pozo monitoreo 1,42221,0,5.78,
Pozo monitoreo 1,42226,0,5.63,
Pozo monitoreo 1,42228,0,5.58,
Pozo monitoreo 1,42247,0,6.1,
Pozo monitoreo 1,42248,0,6.13,
Pozo monitoreo 1,42249,0,6.05,
Pozo monitoreo 1,42254,0,5.8,
Pozo monitoreo 1,42256,0,5.92,
Pozo monitoreo 1,42258,0,5.85,
Pozo monitoreo 1,42268,0,5.36,
Pozo monitoreo 1,42271,0,5.3,
Pozo monitoreo 1,42272,0,5.28,
Pozo monitoreo 1,42275,0,5.51,
Pozo monitoreo 1,42277,0,4.98,
Pozo monitoreo 1,42279,0,4.22,
Pozo monitoreo 1,42281,0,4.48,
Pozo monitoreo 1,42286,0,4.32,
Pozo monitoreo 1,42289,0,4.85,
Pozo monitoreo 1,42293,0,5,
Pozo monitoreo 1,42295,0,4.97,
Pozo monitoreo 1,42298,0,4.8,
Pozo monitoreo 1,42301,0,4.82,
Pozo monitoreo 1,42303,0,4.78,
Pozo monitoreo 1,42306,0,4.72,
Pozo monitoreo 1,42307,0,4.71,
Pozo monitoreo 1,42308,0,4.71,
Pozo monitoreo 1,42310,0,4.65,
Pozo monitoreo 1,42313,0,4.54,
Pozo monitoreo 1,42315,0,4.38,
Pozo monitoreo 1,42316,0,4.39,
Pozo monitoreo 1,42318,0,4.46,
Pozo monitoreo 1,42319,0,4.43,
Pozo monitoreo 1,42320,0,4.42,
Pozo monitoreo 1,42323,0,4.36,
Pozo monitoreo 1,42327,0,4.21,
Pozo monitoreo 1,42329,0,4.24,
Pozo monitoreo 1,42332,0,4.28,
Pozo monitoreo 1,42334,0,4.11,
Pozo monitoreo 1,42340,0,4.25,
Pozo monitoreo 1,42346,0,4.11,
Pozo monitoreo 1,42351,0,3.79,
Pozo monitoreo 1,42354,0,3.8,
Pozo monitoreo 1,42356,0,3.76,
Pozo monitoreo 1,42359,0,3.72,
Pozo monitoreo 1,42365,0,3.67,
Pozo monitoreo 1,42370,0,3.79,
Pozo monitoreo 1,42373,0,3.7,
Pozo monitoreo 1,42384,0,3.51,
Pozo monitoreo 1,42386,0,3.49,
Pozo monitoreo 1,42388,0,3.52,
Pozo monitoreo 1,42390,0,3.55,
Pozo monitoreo 1,42393,0,3.6,
Pozo monitoreo 1,42396,0,3.62,
Pozo monitoreo 1,42401,0,3.6,
Pozo monitoreo 1,42405,0,3.55,
Pozo monitoreo 1,42408,0,3.42,
Pozo monitoreo 1,42411,0,3.36,
Pozo monitoreo 1,42415,0,3.32,
Pozo monitoreo 1,42417,0,3.3,
Pozo monitoreo 1,42421,0,3.25,
Pozo monitoreo 1,42424,0,3.26,
Pozo monitoreo 1,42427,0,3.24,
Pozo monitoreo 1,42430,0,3.25,
Pozo monitoreo 1,42433,0,3.25,
Pozo monitoreo 1,42436,0,3.23,
Pozo monitoreo 1,42438,0,3.14,
Pozo monitoreo 1,42467,0.99,2.99,
Pozo monitoreo 1,42503,0.99,6.29,
Pozo monitoreo 2,42081,0,,seco
Pozo monitoreo 2,42089,0,,seco
Pozo monitoreo 2,42094,0,,seco
Pozo monitoreo 2,42096,0,,seco
Pozo monitoreo 2,42100,0,,seco
Pozo monitoreo 2,42103,0,,seco
Pozo monitoreo 2,42107,0,,seco
Pozo monitoreo 2,42114,0,,seco
Pozo monitoreo 2,42117,0,,seco
Pozo monitoreo 2,42121,0,,seco
Pozo monitoreo 2,42122,0,,seco
Pozo monitoreo 2,42123,0,,seco
Pozo monitoreo 2,42124,0,,seco
Pozo monitoreo 2,42128,0,,seco
Pozo monitoreo 2,42129,0,,seco
Pozo monitoreo 2,42130,0,,seco
Pozo monitoreo 2,42131,0,,seco
Pozo monitoreo 2,42135,0,,seco
Pozo monitoreo 2,42137,0,,seco
Pozo monitoreo 2,42139,0,,seco
Pozo monitoreo 2,42142,0,,seco
Pozo monitoreo 2,42144,0,,seco
Pozo monitoreo 2,42146,0,,seco
Pozo monitoreo 2,42149,0,,seco
Pozo monitoreo 2,42151,0,,seco
Pozo monitoreo 2,42154,0,,seco
Pozo monitoreo 2,42156,0,,seco
Pozo monitoreo 2,42158,0,,seco
Pozo monitoreo 2,42160,0,,seco
Pozo monitoreo 2,42162,0,,seco
Pozo monitoreo 2,42164,0,,seco
Pozo monitoreo 2,42165,0,,seco
Pozo monitoreo 2,42170,0,,seco
Pozo monitoreo 2,42172,0,,seco
Pozo monitoreo 2,42175,0,,seco
Pozo monitoreo 2,42177,0,,seco
Pozo monitoreo 2,42179,0,,seco
Pozo monitoreo 2,42181,0,,seco
Pozo monitoreo 2,42185,0,,seco
Pozo monitoreo 2,42186,0,,seco
Pozo monitoreo 2,42187,0,,seco
Pozo monitoreo 2,42191,0,,seco
Pozo monitoreo 2,42193,0,,seco
Pozo monitoreo 2,42198,0,,seco
Pozo monitoreo 2,42200,0,,seco
Pozo monitoreo 2,42202,0,67.45,
Pozo monitoreo 2,42204,0,67.39,
Pozo monitoreo 2,42205,0,67.36,
Pozo monitoreo 2,42207,0,67.29,
Pozo monitoreo 2,42212,0,67.11,
Pozo monitoreo 2,42214,0,67.06,
Pozo monitoreo 2,42216,0,66.99,
Pozo monitoreo 2,42219,0,66.91,
Pozo monitoreo 2,42221,0,66.84,
Pozo monitoreo 2,42226,0,66.63,
Pozo monitoreo 2,42228,0,66.61,
Pozo monitoreo 2,42247,0,59.3,
Pozo monitoreo 2,42248,0,60.12,
Pozo monitoreo 2,42249,0,63.05,
Pozo monitoreo 2,42254,0,64.86,
Pozo monitoreo 2,42256,0,66.7,
Pozo monitoreo 2,42258,0,66.89,
Pozo monitoreo 2,42268,0,61.83,
Pozo monitoreo 2,42271,0,66.21,
Pozo monitoreo 2,42272,0,66.28,
Pozo monitoreo 2,42275,0,66.43,
Pozo monitoreo 2,42277,0,65,
Pozo monitoreo 2,42279,0,65,
Pozo monitoreo 2,42281,0,64.96,
Pozo monitoreo 2,42286,0,64.81,
Pozo monitoreo 2,42289,0,65.57,
Pozo monitoreo 2,42293,0,65.35,
Pozo monitoreo 2,42295,0,65.3,
Pozo monitoreo 2,42298,0,65.3,
Pozo monitoreo 2,42301,0,65.93,
Pozo monitoreo 2,42303,0,65.33,
Pozo monitoreo 2,42306,0,64.95,
Pozo monitoreo 2,42307,0,64.95,
Pozo monitoreo 2,42308,0,64.95,
Pozo monitoreo 2,42310,0,64.8,
Pozo monitoreo 2,42313,0,64.8,
Pozo monitoreo 2,42315,0,64.68,
Pozo monitoreo 2,42316,0,64.7,
Pozo monitoreo 2,42318,0,64.65,
Pozo monitoreo 2,42319,0,64.63,
Pozo monitoreo 2,42320,0,64.58,
Pozo monitoreo 2,42323,0,64.55,
Pozo monitoreo 2,42327,0,64.33,
Pozo monitoreo 2,42329,0,64.65,
Pozo monitoreo 2,42332,0,64.67,
Pozo monitoreo 2,42334,0,61.85,
Pozo monitoreo 2,42340,0,63.99,
Pozo monitoreo 2,42346,0,63.79,
Pozo monitoreo 2,42351,0,63.7,
Pozo monitoreo 2,42354,0,63.48,
Pozo monitoreo 2,42356,0,63.49,
Pozo monitoreo 2,42359,0,63.47,
Pozo monitoreo 2,42365,0,63.36,
Pozo monitoreo 2,42370,0,63.19,
Pozo monitoreo 2,42373,0,63.08,
Pozo monitoreo 2,42384,0,62.95,
Pozo monitoreo 2,42386,0,62.71,
Pozo monitoreo 2,42388,0,62.85,
Pozo monitoreo 2,42390,0,62.92,
Pozo monitoreo 2,42393,0,62.92,
Pozo monitoreo 2,42396,0,63.02,
Pozo monitoreo 2,42401,0,62.78,
Pozo monitoreo 2,42405,0,62.55,
Pozo monitoreo 2,42408,0,62.33,
Pozo monitoreo 2,42411,0,62.25,
Pozo monitoreo 2,42415,0,62.05,
Pozo monitoreo 2,42417,0,61.92,
Pozo monitoreo 2,42421,0,61.8,
Pozo monitoreo 2,42424,0,61.83,
Pozo monitoreo 2,42427,0,61.84,
Pozo monitoreo 2,42430,0,61.82,
Pozo monitoreo 2,42433,0,61.83,
Pozo monitoreo 2,42436,0,61.8,
Pozo monitoreo 2,42438,0,61.8,
Pozo monitoreo 2,42467,1.02,64.23,
Pozo monitoreo 2,42503,1.02,63.3,
Casagrande Muro 3 Sur,42081,0,15.03,
Casagrande Muro 3 Sur,42089,0,14.81,
Casagrande Muro 3 Sur,42094,0,14.68,
Casagrande Muro 3 Sur,42096,0,14.64,
Casagrande Muro 3 Sur,42100,0,14.49,
Casagrande Muro 3 Sur,42103,0,14.45,
Casagrande Muro 3 Sur,42107,0,14.38,
Casagrande Muro 3 Sur,42114,0,14.16,
Casagrande Muro 3 Sur,42117,0,14.1,
Casagrande Muro 3 Sur,42121,0,13.96,
Casagrande Muro 3 Sur,42122,0,13.77,
Casagrande Muro 3 Sur,42123,0,13.65,
Casagrande Muro 3 Sur,42124,0,13.51,
Casagrande Muro 3 Sur,42128,0,13.16,
Casagrande Muro 3 Sur,42129,0,13.11,
Casagrande Muro 3 Sur,42130,0,13.05,
Casagrande Muro 3 Sur,42131,0,13.02,
Casagrande Muro 3 Sur,42135,0,12.86,
Casagrande Muro 3 Sur,42137,0,12.82,
Casagrande Muro 3 Sur,42139,0,12.79,
Casagrande Muro 3 Sur,42142,0,12.66,
Casagrande Muro 3 Sur,42144,0,12.07,
Casagrande Muro 3 Sur,42146,0,12.57,
Casagrande Muro 3 Sur,42149,0,12.41,
Casagrande Muro 3 Sur,42151,0,12.31,
Casagrande Muro 3 Sur,42154,0,12.28,
Casagrande Muro 3 Sur,42156,0,12.2,
Casagrande Muro 3 Sur,42158,0,12.09,
Casagrande Muro 3 Sur,42160,0,12.33,
Casagrande Muro 3 Sur,42162,0,11.99,
Casagrande Muro 3 Sur,42164,0,11.9,
Casagrande Muro 3 Sur,42165,0,11.86,
Casagrande Muro 3 Sur,42170,0,11.64,
Casagrande Muro 3 Sur,42172,0,11.61,
Casagrande Muro 3 Sur,42175,0,11.64,
Casagrande Muro 3 Sur,42177,0,11.54,
Casagrande Muro 3 Sur,42179,0,11.53,
Casagrande Muro 3 Sur,42181,0,11.48,
Casagrande Muro 3 Sur,42185,0,11.48,
Casagrande Muro 3 Sur,42186,0,11.5,
Casagrande Muro 3 Sur,42187,0,11.49,
Casagrande Muro 3 Sur,42191,0,11.54,
Casagrande Muro 3 Sur,42193,0,11.57,
Casagrande Muro 3 Sur,42198,0,11.67,
Casagrande Muro 3 Sur,42200,0,11.71,
Casagrande Muro 3 Sur,42202,0,11.8,
Casagrande Muro 3 Sur,42204,0,11.83,
Casagrande Muro 3 Sur,42205,0,11.77,
Casagrande Muro 3 Sur,42207,0,11.84,
Casagrande Muro 3 Sur,42212,0,11.97,
Casagrande Muro 3 Sur,42214,0,12.02,
Casagrande Muro 3 Sur,42216,0,12.06,
Casagrande Muro 3 Sur,42219,0,12.09,
Casagrande Muro 3 Sur,42221,0,12.05,
Casagrande Muro 3 Sur,42226,0,12.27,
Casagrande Muro 3 Sur,42228,0,12.32,
Casagrande Muro 3 Sur,42247,0,12.23,
Casagrande Muro 3 Sur,42248,0,12.65,
Casagrande Muro 3 Sur,42249,0,12.77,
Casagrande Muro 3 Sur,42254,0,12.85,
Casagrande Muro 3 Sur,42256,0,12.9,
Casagrande Muro 3 Sur,42258,0,13.19,
Casagrande Muro 3 Sur,42268,0,13.36,
Casagrande Muro 3 Sur,42271,0,13.38,
Casagrande Muro 3 Sur,42272,0,13.29,
Casagrande Muro 3 Sur,42275,0,13.26,
Casagrande Muro 3 Sur,42277,0,13.25,
Casagrande Muro 3 Sur,42279,0,13.28,
Casagrande Muro 3 Sur,42281,0,13.65,
Casagrande Muro 3 Sur,42286,0,13.5,
Casagrande Muro 3 Sur,42289,0,13.58,
Casagrande Muro 3 Sur,42293,0,13.5,
Casagrande Muro 3 Sur,42295,0,13.28,
Casagrande Muro 3 Sur,42298,0,13.26,
Casagrande Muro 3 Sur,42301,0,13.25,
Casagrande Muro 3 Sur,42303,0,13.25,
Casagrande Muro 3 Sur,42306,0,13.37,
Casagrande Muro 3 Sur,42307,0,13.4,
Casagrande Muro 3 Sur,42308,0,13.45,
Casagrande Muro 3 Sur,42310,0,13.56,
Casagrande Muro 3 Sur,42313,0,13.66,
Casagrande Muro 3 Sur,42315,0,13.5,
Casagrande Muro 3 Sur,42316,0,13.6,
Casagrande Muro 3 Sur,42318,0,13.5,
Casagrande Muro 3 Sur,42319,0,13.4,
Casagrande Muro 3 Sur,42320,0,13.27,
Casagrande Muro 3 Sur,42323,0,13.33,
Casagrande Muro 3 Sur,42327,0,13.34,
Casagrande Muro 3 Sur,42329,0,13.36,
Casagrande Muro 3 Sur,42332,0,13.4,
Casagrande Muro 3 Sur,42334,0,13.45,
Casagrande Muro 3 Sur,42340,0,13.47,
Casagrande Muro 3 Sur,42346,0,13.6,
Casagrande Muro 3 Sur,42351,0,13.57,
Casagrande Muro 3 Sur,42354,0,13.59,
Casagrande Muro 3 Sur,42356,0,13.65,
Casagrande Muro 3 Sur,42359,0,13.5,
Casagrande Muro 3 Sur,42365,0,13.5,
Casagrande Muro 3 Sur,42370,0,13.4,
Casagrande Muro 3 Sur,42373,0,13.35,
Casagrande Muro 3 Sur,42384,0,13.37,
Casagrande Muro 3 Sur,42386,0,13.3,
Casagrande Muro 3 Sur,42388,0,13.37,
Casagrande Muro 3 Sur,42390,0,13.4,
Casagrande Muro 3 Sur,42393,0,13.42,
Casagrande Muro 3 Sur,42396,0,13.46,
Casagrande Muro 3 Sur,42401,0,13.4,
Casagrande Muro 3 Sur,42405,0,13.44,
Casagrande Muro 3 Sur,42408,0,13.53,
Casagrande Muro 3 Sur,42411,0,13.59,
Casagrande Muro 3 Sur,42415,0,13.66,
Casagrande Muro 3 Sur,42417,0,13.77,
Casagrande Muro 3 Sur,42421,0,13.8,
Casagrande Muro 3 Sur,42424,0,13.82,
Casagrande Muro 3 Sur,42427,0,13.82,
Casagrande Muro 3 Sur,42430,0,13.82,
Casagrande Muro 3 Sur,42433,0,13.82,
Casagrande Muro 3 Sur,42436,0,13.8,
Casagrande Muro 3 Sur,42438,0,13.88,
Casagrande Muro 3 Sur,42467,0.18,12.42,
Casagrande Muro 3 Sur,42503,0.18,13.08,
Casagrande Muro 4 Noroeste,42081,0,,seco
Casagrande Muro 4 Noroeste,42089,0,,seco
Casagrande Muro 4 Noroeste,42094,0,,seco
Casagrande Muro 4 Noroeste,42096,0,,seco
Casagrande Muro 4 Noroeste,42100,0,,seco
Casagrande Muro 4 Noroeste,42103,0,,seco
Casagrande Muro 4 Noroeste,42107,0,,seco
Casagrande Muro 4 Noroeste,42114,0,,seco
Casagrande Muro 4 Noroeste,42117,0,,seco
Casagrande Muro 4 Noroeste,42121,0,,seco
Casagrande Muro 4 Noroeste,42122,0,,seco
Casagrande Muro 4 Noroeste,42123,0,,seco
Casagrande Muro 4 Noroeste,42124,0,,seco
Casagrande Muro 4 Noroeste,42128,0,,seco
Casagrande Muro 4 Noroeste,42129,0,,seco
Casagrande Muro 4 Noroeste,42130,0,,seco
Casagrande Muro 4 Noroeste,42131,0,22.2,
Casagrande Muro 4 Noroeste,42135,0,,seco
Casagrande Muro 4 Noroeste,42137,0,,seco
Casagrande Muro 4 Noroeste,42139,0,,seco
Casagrande Muro 4 Noroeste,42142,0,,seco
Casagrande Muro 4 Noroeste,42144,0,,seco
Casagrande Muro 4 Noroeste,42146,0,,seco
Casagrande Muro 4 Noroeste,42149,0,,seco
Casagrande Muro 4 Noroeste,42151,0,22.37,
Casagrande Muro 4 Noroeste,42154,0,22.47,
Casagrande Muro 4 Noroeste,42156,0,22.45,
Casagrande Muro 4 Noroeste,42158,0,22.45,
Casagrande Muro 4 Noroeste,42160,0,22.42,
Casagrande Muro 4 Noroeste,42162,0,22.35,
Casagrande Muro 4 Noroeste,42164,0,22.4,
Casagrande Muro 4 Noroeste,42165,0,22.4,
Casagrande Muro 4 Noroeste,42170,0,22.4,
Casagrande Muro 4 Noroeste,42172,0,22.39,
Casagrande Muro 4 Noroeste,42175,0,22.43,
Casagrande Muro 4 Noroeste,42177,0,22.39,
Casagrande Muro 4 Noroeste,42179,0,22.39,
Casagrande Muro 4 Noroeste,42181,0,22.39,
Casagrande Muro 4 Noroeste,42185,0,22.4,
Casagrande Muro 4 Noroeste,42186,0,22.4,
Casagrande Muro 4 Noroeste,42187,0,22.4,
Casagrande Muro 4 Noroeste,42191,0,22.4,
Casagrande Muro 4 Noroeste,42193,0,22.44,
Casagrande Muro 4 Noroeste,42198,0,22.4,
Casagrande Muro 4 Noroeste,42200,0,22.39,
Casagrande Muro 4 Noroeste,42202,0,22.44,
Casagrande Muro 4 Noroeste,42204,0,22.43,
Casagrande Muro 4 Noroeste,42205,0,22.39,
Casagrande Muro 4 Noroeste,42207,0,22.39,
Casagrande Muro 4 Noroeste,42212,0,22.39,
Casagrande Muro 4 Noroeste,42214,0,22.39,
Casagrande Muro 4 Noroeste,42216,0,22.42,
Casagrande Muro 4 Noroeste,42219,0,22.39,
Casagrande Muro 4 Noroeste,42221,0,22.4,
Casagrande Muro 4 Noroeste,42226,0,22.4,
Casagrande Muro 4 Noroeste,42228,0,22.4,
Casagrande Muro 4 Noroeste,42247,0,12.5,
Casagrande Muro 4 Noroeste,42248,0,22.3,
Casagrande Muro 4 Noroeste,42249,0,22.61,
Casagrande Muro 4 Noroeste,42254,0,22.58,
Casagrande Muro 4 Noroeste,42256,0,22.6,
Casagrande Muro 4 Noroeste,42258,0,22.66,
Casagrande Muro 4 Noroeste,42268,0,22.64,
Casagrande Muro 4 Noroeste,42271,0,22.6,
Casagrande Muro 4 Noroeste,42272,0,22.54,
Casagrande Muro 4 Noroeste,42275,0,22.58,
Casagrande Muro 4 Noroeste,42277,0,22.59,
Casagrande Muro 4 Noroeste,42279,0,22.45,
Casagrande Muro 4 Noroeste,42281,0,22.41,
Casagrande Muro 4 Noroeste,42286,0,22.64,
Casagrande Muro 4 Noroeste,42289,0,22.64,
Casagrande Muro 4 Noroeste,42293,0,23,
Casagrande Muro 4 Noroeste,42295,0,22.64,
Casagrande Muro 4 Noroeste,42298,0,23.6,
Casagrande Muro 4 Noroeste,42301,0,22.61,
Casagrande Muro 4 Noroeste,42303,0,22.65,
Casagrande Muro 4 Noroeste,42306,0,22.64,
Casagrande Muro 4 Noroeste,42307,0,22.64,
Casagrande Muro 4 Noroeste,42308,0,22.64,
Casagrande Muro 4 Noroeste,42310,0,22.64,
Casagrande Muro 4 Noroeste,42313,0,22.68,
Casagrande Muro 4 Noroeste,42315,0,22.7,
Casagrande Muro 4 Noroeste,42316,0,23.7,
Casagrande Muro 4 Noroeste,42318,0,22.67,
Casagrande Muro 4 Noroeste,42319,0,22.64,
Casagrande Muro 4 Noroeste,42320,0,22.6,
Casagrande Muro 4 Noroeste,42323,0,22.64,
Casagrande Muro 4 Noroeste,42327,0,22.64,
Casagrande Muro 4 Noroeste,42329,0,22.66,
Casagrande Muro 4 Noroeste,42332,0,22.66,
Casagrande Muro 4 Noroeste,42334,0,22.64,
Casagrande Muro 4 Noroeste,42340,0,22.65,
Casagrande Muro 4 Noroeste,42346,0,22.68,
Casagrande Muro 4 Noroeste,42351,0,22.6,
Casagrande Muro 4 Noroeste,42354,0,23.71,
Casagrande Muro 4 Noroeste,42356,0,22.62,
Casagrande Muro 4 Noroeste,42359,0,22.61,
Casagrande Muro 4 Noroeste,42365,0,22.61,
Casagrande Muro 4 Noroeste,42370,0,22.64,
Casagrande Muro 4 Noroeste,42373,0,22.66,
Casagrande Muro 4 Noroeste,42384,0,22.64,
Casagrande Muro 4 Noroeste,42386,0,22.64,
Casagrande Muro 4 Noroeste,42388,0,22.64,
Casagrande Muro 4 Noroeste,42390,0,22.68,
Casagrande Muro 4 Noroeste,42393,0,22.68,
Casagrande Muro 4 Noroeste,42396,0,22.68,
Casagrande Muro 4 Noroeste,42401,0,22.67,
Casagrande Muro 4 Noroeste,42405,0,22.68,
Casagrande Muro 4 Noroeste,42408,0,22.7,
Casagrande Muro 4 Noroeste,42411,0,22.69,
Casagrande Muro 4 Noroeste,42415,0,22.67,
Casagrande Muro 4 Noroeste,42417,0,22.66,
Casagrande Muro 4 Noroeste,42421,0,22.67,
Casagrande Muro 4 Noroeste,42424,0,22.65,
Casagrande Muro 4 Noroeste,42427,0,22.63,
Casagrande Muro 4 Noroeste,42430,0,22.64,
Casagrande Muro 4 Noroeste,42433,0,22.64,
Casagrande Muro 4 Noroeste,42436,0,22.63,
Casagrande Muro 4 Noroeste,42438,0,22.63,
Casagrande Muro 4 Noroeste,42467,0.22,22.74,
Casagrande Muro 4 Noroeste,42503,0.22,22.73,
Casagrande Muro 4 Sureste,42081,0,26.02,
Casagrande Muro 4 Sureste,42089,0,25.88,
Casagrande Muro 4 Sureste,42094,0,25.76,
Casagrande Muro 4 Sureste,42096,0,25.72,
Casagrande Muro 4 Sureste,42100,0,25.63,
Casagrande Muro 4 Sureste,42103,0,25.56,
Casagrande Muro 4 Sureste,42107,0,25.47,
Casagrande Muro 4 Sureste,42114,0,25.31,
Casagrande Muro 4 Sureste,42117,0,25.27,
Casagrande Muro 4 Sureste,42121,0,25.19,
Casagrande Muro 4 Sureste,42122,0,25.18,
Casagrande Muro 4 Sureste,42123,0,25.2,
Casagrande Muro 4 Sureste,42124,0,25.17,
Casagrande Muro 4 Sureste,42128,0,25.07,
Casagrande Muro 4 Sureste,42129,0,25.04,
Casagrande Muro 4 Sureste,42130,0,24.99,
Casagrande Muro 4 Sureste,42131,0,24.95,
Casagrande Muro 4 Sureste,42135,0,24.8,
Casagrande Muro 4 Sureste,42137,0,24.78,
Casagrande Muro 4 Sureste,42139,0,24.78,
Casagrande Muro 4 Sureste,42142,0,24.72,
Casagrande Muro 4 Sureste,42144,0,24.66,
Casagrande Muro 4 Sureste,42146,0,24.58,
Casagrande Muro 4 Sureste,42149,0,24.5,
Casagrande Muro 4 Sureste,42151,0,24.43,
Casagrande Muro 4 Sureste,42154,0,24.39,
Casagrande Muro 4 Sureste,42156,0,24.33,
Casagrande Muro 4 Sureste,42158,0,24.21,
Casagrande Muro 4 Sureste,42160,0,24.16,
Casagrande Muro 4 Sureste,42162,0,24.12,
Casagrande Muro 4 Sureste,42164,0,24.06,
Casagrande Muro 4 Sureste,42165,0,24.06,
Casagrande Muro 4 Sureste,42170,0,23.92,
Casagrande Muro 4 Sureste,42172,0,23.9,
Casagrande Muro 4 Sureste,42175,0,23.84,
Casagrande Muro 4 Sureste,42177,0,23.77,
Casagrande Muro 4 Sureste,42179,0,23.77,
Casagrande Muro 4 Sureste,42181,0,23.7,
Casagrande Muro 4 Sureste,42185,0,23.66,
Casagrande Muro 4 Sureste,42186,0,23.69,
Casagrande Muro 4 Sureste,42187,0,23.72,
Casagrande Muro 4 Sureste,42191,0,23.88,
Casagrande Muro 4 Sureste,42193,0,23.86,
Casagrande Muro 4 Sureste,42198,0,23.89,
Casagrande Muro 4 Sureste,42200,0,23.89,
Casagrande Muro 4 Sureste,42202,0,23.93,
Casagrande Muro 4 Sureste,42204,0,23.87,
Casagrande Muro 4 Sureste,42205,0,23.82,
Casagrande Muro 4 Sureste,42207,0,23.77,
Casagrande Muro 4 Sureste,42212,0,23.79,
Casagrande Muro 4 Sureste,42214,0,23.75,
Casagrande Muro 4 Sureste,42216,0,23.85,
Casagrande Muro 4 Sureste,42219,0,23.8,
Casagrande Muro 4 Sureste,42221,0,23.84,
Casagrande Muro 4 Sureste,42226,0,23.93,
Casagrande Muro 4 Sureste,42228,0,23.9,
Casagrande Muro 4 Sureste,42247,0,24.2,
Casagrande Muro 4 Sureste,42248,0,24.1,
Casagrande Muro 4 Sureste,42249,0,24.17,
Casagrande Muro 4 Sureste,42254,0,24.12,
Casagrande Muro 4 Sureste,42256,0,24.16,
Casagrande Muro 4 Sureste,42258,0,24.19,
Casagrande Muro 4 Sureste,42268,0,24.15,
Casagrande Muro 4 Sureste,42271,0,24.1,
Casagrande Muro 4 Sureste,42272,0,24.2,
Casagrande Muro 4 Sureste,42275,0,24,
Casagrande Muro 4 Sureste,42277,0,23.9,
Casagrande Muro 4 Sureste,42279,0,23.92,
Casagrande Muro 4 Sureste,42281,0,23.76,
Casagrande Muro 4 Sureste,42286,0,23.93,
Casagrande Muro 4 Sureste,42289,0,23.87,
Casagrande Muro 4 Sureste,42293,0,23.65,
Casagrande Muro 4 Sureste,42295,0,23.7,
Casagrande Muro 4 Sureste,42298,0,23.6,
Casagrande Muro 4 Sureste,42301,0,23.6,
Casagrande Muro 4 Sureste,42303,0,23.67,
Casagrande Muro 4 Sureste,42306,0,23.64,
Casagrande Muro 4 Sureste,42307,0,23.64,
Casagrande Muro 4 Sureste,42308,0,23.67,
Casagrande Muro 4 Sureste,42310,0,23.67,
Casagrande Muro 4 Sureste,42313,0,23.69,
Casagrande Muro 4 Sureste,42315,0,23.7,
Casagrande Muro 4 Sureste,42316,0,23.75,
Casagrande Muro 4 Sureste,42318,0,23.7,
Casagrande Muro 4 Sureste,42319,0,23.65,
Casagrande Muro 4 Sureste,42320,0,23.64,
Casagrande Muro 4 Sureste,42323,0,23.68,
Casagrande Muro 4 Sureste,42327,0,23.68,
Casagrande Muro 4 Sureste,42329,0,23.67,
Casagrande Muro 4 Sureste,42332,0,23.7,
Casagrande Muro 4 Sureste,42334,0,23.74,
Casagrande Muro 4 Sureste,42340,0,23.86,
Casagrande Muro 4 Sureste,42346,0,23.69,
Casagrande Muro 4 Sureste,42351,0,23.7,
Casagrande Muro 4 Sureste,42354,0,23.6,
Casagrande Muro 4 Sureste,42356,0,23.73,
Casagrande Muro 4 Sureste,42359,0,23.73,
Casagrande Muro 4 Sureste,42365,0,23.7,
Casagrande Muro 4 Sureste,42370,0,23.71,
Casagrande Muro 4 Sureste,42373,0,23.77,
Casagrande Muro 4 Sureste,42384,0,23.72,
Casagrande Muro 4 Sureste,42386,0,23.72,
Casagrande Muro 4 Sureste,42388,0,23.72,
Casagrande Muro 4 Sureste,42390,0,23.75,
Casagrande Muro 4 Sureste,42393,0,23.81,
Casagrande Muro 4 Sureste,42396,0,23.87,
Casagrande Muro 4 Sureste,42401,0,23.78,
Casagrande Muro 4 Sureste,42405,0,23.75,
Casagrande Muro 4 Sureste,42408,0,23.77,
Casagrande Muro 4 Sureste,42411,0,23.79,
Casagrande Muro 4 Sureste,42415,0,23.81,
Casagrande Muro 4 Sureste,42417,0,23.82,
Casagrande Muro 4 Sureste,42421,0,23.8,
Casagrande Muro 4 Sureste,42424,0,23.82,
Casagrande Muro 4 Sureste,42427,0,23.87,
Casagrande Muro 4 Sureste,42430,0,23.85,
Casagrande Muro 4 Sureste,42433,0,23.86,
Casagrande Muro 4 Sureste,42436,0,23.84,
Casagrande Muro 4 Sureste,42438,0,23.84,
Casagrande Muro 4 Sureste,42467,0.22,23.32,
Casagrande Muro 4 Sureste,42503,0.22,23.46,
CB-10,41240,0.75,95.72,
CB-10,41258,0.75,92.4,
CB-10,41286,0.75,91.34,
CB-10,41317,0.75,91.2,
CB-10,41345,0.75,91.15,
CB-10,41376,0.75,91.1,
CB-10,41406,0.75,91.07,
CB-10,41437,0.75,91.05,
CB-10,41467,0.75,91,
CB-10,41498,0.75,90.99,
CB-10,41518,0.75,90.96,
